;query;searched_type;coordinates;confidence;searched;found
0;caithness;county;58.404267000000004, -3.4340269886950203;1.0;;
1;calne;;51.437977, -2.0050911;1.0;calne;
2;cambridge;;52.2055314, 0.1186637;1.0;cambridge;
3;cambridgeshire;county;52.333333, 0.083333;1.0;;
4;canterbury;;51.2800275, 1.0802533;1.0;canterbury;
5;cardiff district of boroughs;;;;;no
6;cardigan district of boroughs;;;;;no
7;cardiganshire;county;52.2945764, -3.9527809990291427;1.0;;
8;carlisle;;54.8948478, -2.9362311;1.0;carlisle;
9;carlow county;amenity;52.20538725, 0.137539144622093;0.9;;
10;carmarthen district of boroughs;;;;;no
11;carmarthenshire;county;51.893669849999995, -4.217282721429928;1.0;;
12;carow;;;;;no
13;carrickfergus;;54.7136165, -5.8073112;1.0;carrickfergus;
14;cashel;;56.1117781, -4.5742788;1.0;cashel;
15;cavan county;postcode;54.8210814, -6.5243641;0.9;;
16;chatham;;51.3819167, 0.526559;1.0;chatham;
17;cheltenham;;51.8995685, -2.0711559;1.0;cheltenham;
18;cheshire, northern;;53.3353269, -2.2686679;0.9;cheshire;
19;cheshire, southern;amenity;53.2404667, -2.140798;0.5103000000000001;;
20;chester;;53.1908873, -2.8908955;1.0;chester;
21;chichester;;50.8364862, -0.7791721;1.0;chichester;
22;chippenham;;51.4587621, -2.1159032;1.0;chippenham;
23;christchurch;;50.734902, -1.7778853;1.0;christchurch;
24;cirenchester;;;;;no
25;city of london;;51.5156177, -0.0919983;1.0;city of london;
26;clackmannanshire and kinross-shir;;;;;no
27;clare county;postcode;54.3261911, -6.4466378;0.9;;
28;clitheroe;;53.8717465, -2.3926783;1.0;clitheroe;
29;clonmel;;51.4346494, -0.18495899924058473;1.0;clonmel;
30;cockermouth;;54.6614392, -3.3590111;1.0;cockermouth;
31;colchester;;51.8896903, 0.8994651;1.0;colchester;
32;coleraine;postcode;55.1315912, -6.671861;1.0;;
33;cork city;city;51.80174, -0.20691;0.567;;
34;cork county;street;52.630675, -1.108827;0.0;;
35;cornwall, eastern;;50.263317, -5.051811;1.0;cornwall;
36;cornwall, western;;50.263317, -5.051811;1.0;cornwall;
37;coventry;;52.4081812, -1.510477;1.0;coventry;
38;cricklade;;51.6414188, -1.8579414;1.0;cricklade;
39;cumberland, eastern;amenity;54.89635, -2.957436;0.0;;
40;cumberland, western;;51.45443745, -2.6210722090918237;0.9;cumberland;
41;dartmouth;;50.3514839, -3.583844;1.0;dartmouth;
42;denbigh district of boroughs;;;;;no
43;denbigshire;;;;;no
44;derby;;52.9212617, -1.4761491;1.0;derby;
45;derbyshire, northern;amenity;53.019890000000004, -1.3238510613404277;0.567;;
46;derbyshire, southern;city;52.822, -1.53296;0.567;;
47;devizes;;51.3525027, -1.9958302;1.0;devizes;
48;devon, northern;city;50.75632, -3.23487;0.567;;
49;devon, southern;city;50.75632, -3.23487;0.567;;
50;devonport;devonport;50.3713958, -4.1734878;1.0;;
51;donegal county;;52.205858, 0.136471;0.9;amenity;
52;dorchester;dorchester;50.7132064, -2.4371229;1.0;;
53;dorset;;50.79683685, -2.34473226124306;1.0;county;
54;dover;dover;51.1251275, 1.3134228;1.0;;
55;down county;;54.33333, -5.75;0.0;district;
56;downpatrick;downpatrick;54.3279335, -5.71649;1.0;;
57;drogheda;drogheda;;;;
58;droitwich;droitwich;52.26851, -2.1486075;1.0;;
59;dublin city;dublin city;53.4524866, -3.0186397;0.0;;
60;dublin county;;55.9575, -3.194509;0.0;street;
61;dudley;dudley;52.5110832, -2.0816813;1.0;;
62;dumfries district of burghs;;;;;no
63;dumfriesshire;;55.166667, -3.5;1.0;postcode;
64;dunbartonshire;;55.933333, -4.2;1.0;county;
65;dundalk;dundalk;54.127702, -6.568412;1.0;;
66;dundee;dundee;56.4605938, -2.97019;1.0;;
67;dungannon;dungannon;54.5039088, -6.7703622;1.0;;
68;durgavan;;;;;no
69;durham;;54.666667, -1.75;1.0;county;
70;durham, northern;durham;54.7770139, -1.5756205;1.0;;
71;durham, southern;durham;54.7770139, -1.5756205;1.0;;
72;east retford;east retford;53.3233189, -0.9426596;1.0;;
73;edinburgh;edinburgh;55.9533456, -3.1883749;1.0;;
74;edingburghshire;;;;;no
75;elgin district of burghs;;;;;no
76;elginshire and nairnshire;;;;;no
77;ennis;ennis;54.60784, -1.098233;1.0;;
78;enniskillen;enniskillen;54.3448538, -7.6389365;1.0;;
79;essex, northern;essex;51.54450755, 0.5840084067307691;0.81;;
80;essex, southern;essex;51.54450755, 0.5840084067307691;0.81;;
81;evesham;evesham;52.0940158, -1.9483083;1.0;;
82;exeter;exeter;50.7255794, -3.5269497;1.0;;
83;eye;eye;52.6088657, -0.1890209;1.0;;
84;falkirk district of burghs;;;;;no
85;fermanagh county;;54.3459403, -7.644566876404299;1.0;amenity;
86;fife;;56.3333331, -3.0000001;1.0;county;
87;finsbury;;51.521798, -0.0914245;1.0;suburb;
88;flint district of boroughs;;;;;no
89;flintshire;;53.216509599999995, -3.1402189049730413;1.0;county;
90;forfarshire;;56.715141349999996, -2.890562836754113;1.0;county;
91;frome;frome;51.2309875, -2.3216982;1.0;;
92;galway;;51.34453915, 1.0131679387527444;1.0;amenity;
93;galway county;;52.949251, -1.169145;0.0;street;
94;gateshead;gateshead;54.9625789, -1.6019294;1.0;;
95;glamorganshire;;51.7352168, -3.3761498;1.0;amenity;
96;glasgow;glasgow;55.861155, -4.2501687;1.0;;
97;gloucester;gloucester;51.8653705, -2.2458192;1.0;;
98;gloucestershire, eastern;;51.799316, -2.180179;0.0;county;
99;gloucestershire, western;;51.54702315, -2.43816541519656;0.5103;amenity;
100;grantham;grantham;52.913192, -0.6438974;1.0;;
101;great grimsby;great grimsby;53.5671407, -0.0788045;1.0;;
102;great marlow;great marlow;51.586075949999994, -0.8013756797940633;1.0;;
103;great yarmouth;great yarmouth;52.6119213, 1.7206879;1.0;;
104;greenock;greenock;55.9473423, -4.7564721;1.0;;
105;greenwhich;greenwhich;;;;
106;guildford;guildford;51.2356068, -0.5732063;1.0;;
107;haddington district of burghs;;;;no;
108;haddingtonshire;;;;no;
109;halifax;halifax;53.7229229, -1.8604874;1.0;;
110;hampshire, northern;;51.03945, -0.93676;0.567;;city
111;hampshire, southern;;51.03945, -0.93676;0.567;;city
112;harwich;harwich;51.9445801, 1.2898522;1.0;;
113;hasting;;54.883288, -1.4521818;1.0;;amenity
114;haverfordwest district of borough;haverfordwest;51.8023297, -4.9651074;1.0;;
115;helston;helston;50.1016731, -5.273032;1.0;;
116;hereford;hereford;52.0553813, -2.7151735;1.0;;
117;herefordshire;;52.083333, -2.75;1.0;;county
118;hertford;hertford;51.7957409, -0.078521;1.0;;
119;hertfordshire;;51.840052299999996, -0.09785519224523963;1.0;;county
120;honiton;honiton;50.7981119, -3.1924599;1.0;;
121;horsham;horsham;51.0630273, -0.3295028;1.0;;
122;huddersfield;huddersfield;53.6466645, -1.7822482;1.0;;
123;huntingdon;huntingdon;52.3314292, -0.1847723;1.0;;
124;huntingdonshire;;52.37104395, -0.22357789271655937;1.0;;city
125;hythe;hythe;51.0691421, 1.0841634;1.0;;
126;ipswich;ipswich;52.0579495, 1.1526345;1.0;;
127;isle of wight;;50.67108245, -1.3328042802764226;1.0;;amenity
128;iverness district of burghs;;;;no;
129;iverness-shire;;;;no;
130;kendal;kendal;54.3289795, -2.747183;1.0;;
131;kent, eastern;;51.3284683, 1.2794645;0.0;;amenity
132;kent, western;kent;54.374394, -2.788448;0.9;;
133;kerry county;;54.3634879, -7.623427004792043;0.9;;amenity
134;kidderminster;kidderminster;52.3880787, -2.2478582;1.0;;
135;kildare county;;55.678105, -3.772963;0.0;;amenity
136;kilkenny city;;51.82680725, 1.2426533536365905;0.63;;amenity
137;kilkenny county;;51.024068, -3.10295;0.0;;amenity
138;kilmarnock district of burghs;;;;no;
139;kincardineshire;kincardineshire;56.925681, -2.458549;1.0;;
140;king's lynn;king's lynn;52.7538673, 0.3954774;1.0;;
141;king's county;;54.1790491, -6.337904624659713;0.9;;amenity
142;kingston upon hull;kingston upon hull;53.7435722, -0.3394758;1.0;;
143;kinsale;kinsale;50.43173135, -3.669584325442478;1.0;;
144;kirkcaldy district of burghs;;;;no;
145;kirkcudbrightshire;;55, -4;1.0;;postcode
146;knaresborough;knaresborough;54.0099825, -1.462186;1.0;;
147;lambeth;;51.4952111, -0.1163354;1.0;;suburb
148;lanarkshire;;55.5752966, -3.833333;1.0;;postcode
149;lancashire, northern;;53.61098, -2.88693;0.567;;city
150;lancashire, southern;county;53.888754, -2.672673;0.0;;
151;lancaster;;54.0484068, -2.7990345;1.0;lancaster;
152;launceston;;50.6365062, -4.3604432;1.0;launceston;
153;leeds;;53.7974185, -1.5437941;1.0;leeds;
154;leicester;;52.6362, -1.1331969;1.0;leicester;
155;leicestershire, northern;county;52.672084, -0.9275;0.0;;
156;leicestershire, southern;county;52.672084, -0.9275;0.0;;
157;leith district of burghs;;;;;no
158;leitrim county;postcode;54.2855309, -5.9982114;0.9;;
159;leominster;;52.2273558, -2.7375333;1.0;leominster;
160;lewes;;50.8746139, 0.005115324110936268;1.0;lewes;
161;lichfield;;52.6843696, -1.8275286;1.0;lichfield;
162;limerick city;city;51.80174, -0.20691;0.567;;
163;limerick county;street;54.842209, -1.984424;0.0;;
164;lincoln;;53.2293545, -0.5404819;1.0;lincoln;
165;lincolnshire, parts of kesteven a;amenity;53.286292, -0.550187;0.0;;
166;lincolnshire, parts of lindsey;amenity;53.286292, -0.550187;0.0;;
167;linlithgowshire;county;55.916667, -3.5;1.0;;
168;lisburn;postcode;54.5112913, -6.0466736;1.0;;
169;liskeard;;50.4546303, -4.4644227;1.0;liskeard;
170;liverpool;;53.3782584, -2.958688609021225;1.0;liverpool;
171;londonberry city;city;51.80174, -0.20691;0.567;;
172;londonberry county;district;55, -6.16667;0.0;;
173;longford county;city;52.933611, -1.681477;0.9;;
174;louth county;amenity;53.3712986, -0.009463030514810296;0.9;;
175;ludlow;;52.3679896, -2.7193114;1.0;ludlow;
176;lyme regis;;50.7252897, -2.934559;1.0;lyme regis;
177;lymington;;50.7583753, -1.5426885;1.0;lymington;
178;macclesfield;;53.2606635, -2.1255158;1.0;macclesfield;
179;maidstone;;51.2748258, 0.5231646;1.0;maidstone;
180;maldon;;51.731198, 0.6791849;1.0;maldon;
181;mallow;;51.5062423, -0.0903798;1.0;mallow;
182;malmesbury;;51.58447, -2.0982042;1.0;malmesbury;
183;malton;;54.1349419, -0.7965915;1.0;malton;
184;manchester;;53.4794892, -2.2451148;1.0;manchester;
185;marlborough;;51.4209962, -1.728952;1.0;marlborough;
186;marylebone;suburb;51.5232789, -0.155596;1.0;;
187;mayo county;amenity;54.6636121, -3.3655157;0.9;;
188;meath county;amenity;51.360673, -0.52801;0.0;;
189;merionethshire;county;52.79397995, -3.8749544943258853;1.0;;
190;merthyr tydfil;;51.7455659, -3.3786082;1.0;merthyr tydfil;
191;middlesex;county;51.546055800000005, -0.2537791389340719;1.0;;
192;midhurst;;50.9841854, -0.74043;1.0;midhurst;
193;monaghan county;amenity;54.2117656, -6.7962973;0.0;;
194;monmouth district of boroughs;;;;;no
195;monmouthshire;county;51.7501058, -2.8333331;1.0;;
196;montgomery district of boroughs;;;;;no
197;montgomeryshire;amenity;52.697605, -2.7453006;1.0;;
198;montrose district of burghs;;;;;no
199;morpeth;;55.1675437, -1.6907444;1.0;morpeth;
200;new ross;new ross;51.72051, -3.2413;0.567;;
201;newark-on-trent;newark-on-trent;53.0761693, -0.8092339;1.0;;
202;newcasle-upon-tyne;;54.989692, -1.627914;1.0;city;
203;newcastle-under-lyme;newcastle-under-lyme;53.0117627, -2.2273919;1.0;;
204;newport;newport;51.5882332, -2.9974967;1.0;;
205;newry;newry;54.1775283, -6.337506;1.0;;
206;norfolk, eastern;norfolk;52.8320086, 0.8589289;0.9;;
207;norfolk, western;norfolk;52.51651, 1.31663;0.81;;
208;northallerton;northallerton;54.3404812, -1.4344936;1.0;;
209;northampton;northampton;52.2381355, -0.8963907;1.0;;
210;northamptonshire, northern;;52.2619, -1.1568103;0.5103;street;
211;northamptonshire, southern;;52.2719128, -0.8401001;0.5103;amenity;
212;northumberland, northern;;51.6042, -0.05981;0.15752961;suburb;
213;northumberland, southern;;51.6042, -0.05981;0.15752961;suburb;
214;norwich;norwich;52.6285576, 1.2923954;1.0;;
215;nottingham;nottingham;52.9534193, -1.1496461;1.0;;
216;nottingham, northern;nottingham;52.9534193, -1.1496461;1.0;;
217;nottingham, southern;;52.949618, -1.147547;0.5;city;
218;oldham;oldham;53.5415797, -2.1147831;1.0;;
219;orkney and shetland;;58.9819908, -2.9596737;0.7290000000000001;amenity;
220;oxford;oxford;51.7520131, -1.2578499;1.0;;
221;oxfordshire;;51.833333, -1.25;1.0;county;
222;paisley;paisley;55.8455828, -4.4239646;1.0;;
223;peeblesshire;;55.6454616, -3.1721946;1.0;amenity;
224;pembroke district of boroughs;;;;;no
225;pembrokeshire;;51.8339209, -4.916667;1.0;county;
226;penryn and falmouth;;50.170493, -5.10379;0.9;amenity;
227;perth;perth;56.3958186, -3.4286805;1.0;;
228;perthshire;perthshire;56.76615485, -3.3391095;1.0;;
229;peterborough;peterborough;52.5725769, -0.2427336;1.0;;
230;petersfield;petersfield;51.0024945, -0.9392027;1.0;;
231;plymouth;plymouth;50.3712659, -4.1425658;1.0;;
232;pontefract;pontefract;53.6917422, -1.3105722;1.0;;
233;poole;poole;50.7179472, -1.981521;1.0;;
234;portarlington;portarlington;50.7186254, -1.8966518;1.0;;
235;portsmouth;portsmouth;50.800031, -1.0906023;1.0;;
236;preston;preston;53.7593363, -2.6992717;1.0;;
237;queen's county;;51.780964499999996, -1.4973095399951668;0.6561000000000001;amenity;
238;radnor district of boroughs;;;;;no
239;radnorshire;;52.4627049, -3.2561628;1.0;suburb;
240;reading;reading;51.456659, -0.9696512;1.0;;
241;reigate;reigate;51.2376557, -0.2057067;1.0;;
242;renfrewshire;;55.833333, -4.5;1.0;county;
243;richmond;richmond;51.4613531, -0.3032767;1.0;;
244;ripon;ripon;54.1362169, -1.5238006;1.0;;
245;rochdale;rochdale;53.6153659, -2.1557561;1.0;;
246;rochester;rochester;51.3883811, 0.504925;1.0;;
247;roscommon county;;53.419543, -2.975673;0.0;street;
248;ross and cromarty;;57.593, -5.253873;1.0;state;
249;rowburghshire;;;;;no
250;rutlandshire;no;;;;
251;rye;;rye;50.9511871, 0.7327667;1.0;
252;salford;;salford;53.4877463, -2.2891921;1.0;
253;salisbury;;salisbury;51.0690613, -1.7954134;1.0;
254;sandwich;;sandwich;51.2752527, 1.3408309;1.0;
255;scaraborough;no;;;;
256;selkirkshire;;;55.5, -3;1.0;postcode
257;shaftesbury;;shaftesbury;51.0056195, -2.1955975;1.0;
258;sheffield;;sheffield;53.3806626, -1.4702278;1.0;
259;shoreham;;shoreham;50.8322307, -0.2746717;1.0;
260;shrewsbury;;shrewsbury;52.707755, -2.7540658;1.0;
261;shropshire, northern;;;52.710797, -2.751372;0.0;amenity
262;shropshire, southern;;;52.710797, -2.751372;0.0;amenity
263;sligo;;sligo;54.3309051, -7.6322089;1.0;
264;sligo county;;;54.3309051, -7.6322089;0.0;street
265;somerset, eastern;;;51.11817, -3.44448;0.567;city
266;somerset, western;;;50.820313, -0.129168;0.9;amenity
267;south shields;;south shields;54.9987414, -1.4321848;1.0;
268;southampton;;southampton;50.8953905, -1.3480964907954378;1.0;
269;southwark;;;51.503925, -0.1049663;1.0;amenity
270;st. albans;;st. albans;51.753051, -0.3379675;1.0;
271;st. andrews district of burghs;;;56.3511246, -2.8414492;0.567;amenity
272;st. ives;;st. ives;50.2149064, -5.4795083;1.0;
273;stafford;;stafford;52.8063157, -2.1163818;1.0;
274;staffordshire, southern;;;52.83333, -1.91667;0.9;city
275;stafforshire, northern;no;;;;
276;stamford;;stamford;52.6519973, -0.4804579;1.0;
277;stirling district of burghs;no;;;;
278;stirlingshire;;;56.0701208, -3.9087351;1.0;postcode
279;stockport;;stockport;53.407901, -2.160243;1.0;
280;stoke-on-trent;;stoke-on-trent;53.0162014, -2.1812607;1.0;
281;stroud;;stroud;51.745424, -2.2198605;1.0;
282;suffolk, eastern;;;52.23432, 1.1053;0.567;city
283;suffolk, western;;suffolk;52.2505645, 0.6888751;0.9;
284;sunderland;;sunderland;55.7955457, -6.3958349;1.0;
285;surrey, eastern;;;51.404853, -0.304818;0.567;amenity
286;surrey, western;;surrey;51.33585, -0.66199;0.9;
287;sussex, eastern;;;51.00476, -0.10069;0.567;city
288;sussex, western;;;51.00476, -0.10069;0.567;city
289;sutherland;;sutherland;58.2500999, -4.5000946;1.0;
290;swansea district of boroughs;no;;;;
291;tamworth;;tamworth;52.6345819, -1.6948438;1.0;
292;taunton;;taunton;51.0147895, -3.1029086;1.0;
293;tavistock;;tavistock;50.5496154, -4.1446358;1.0;
294;tewkesbury;;tewkesbury;51.9925394, -2.1560169592908442;1.0;
295;thetford;;thetford;52.4156001, 0.748712;1.0;
296;thrisk;no;;;;
297;tipperary county;;;51.514088099999995, -0.10761511148648525;0.63;amenity
298;tiverton;;tiverton;53.1393479, -2.6716283;1.0;
299;totnes;;totnes;50.4322816, -3.6871525;1.0;
300;tower hamlets;suburb;51.1288633, 1.2986686;1.0;;
301;tralee;;56.4988957, -5.4187061;1.0;tralee;
302;truro;;50.2633173, -5.0518107;1.0;truro;
303;tynemouth and north shields;amenity;55.0330659, -1.4290327;0.63;;
304;tyrone county;amenity;54.6008742, -7.283036973903879;1.0;;
305;wakefield;;53.6829541, -1.4967286;1.0;wakefield;
306;wallingford;;51.5982905, -1.1252511;1.0;wallingford;
307;walsall;;52.5847949, -1.9822687;1.0;walsall;
308;wareham;;50.6868972, -2.1098377;1.0;wareham;
309;warrington;;53.3899497, -2.5943178;1.0;warrington;
310;warwick;;52.2814519, -1.5815742;1.0;warwick;
311;warwickshire, northern;;52.56099, -1.62276;0.81;warwickshire;
312;warwickshire, southern;county;52.216154, -1.586269;0.0;;
313;waterford city;amenity;55.97130205, -3.3015686516703893;0.9;;
314;waterford county;city;51.81911, -0.0954;0.9;;
315;wells;;51.2094511, -2.6451203;1.0;wells;
316;wenlock;;52.5955951, -2.5578451;1.0;wenlock;
317;westbury;;51.261079, -2.1836535;1.0;westbury;
318;westmeath county;street;52.635295, -1.071462;0.0;;
319;westminster;city;51.4973206, -0.137149;1.0;;
320;westmorland;county;54.440693249999995, -2.7167995744814992;1.0;;
321;wexford;;52.592335, -1.061057;1.0;wexford;
322;wexford county;street;51.427015, -2.591497;0.0;;
323;weymouth and melcombe regis;suburb;50.62057, -2.45136;0.0;;
324;whitby;;54.4874141, -0.6155111;1.0;whitby;
325;whitehaven;;54.5474199, -3.5885335;1.0;whitehaven;
326;wick district of burghs;;;;;no
327;wicklow county;amenity;52.757887, -0.876157;0.0;;
328;wigan;;53.5457188, -2.6264624;1.0;wigan;
329;wigton district of burghs;;;;;no
330;wigtownshire;amenity;54.8975188, -5.0214808;1.0;;
331;wilton;;51.0805315, -1.8607051;1.0;wilton;
332;wiltshire, northern;amenity;51.3498402, -1.993593;0.567;;
333;wiltshire, southern;amenity;51.3498402, -1.993593;0.567;;
334;winchester;;51.0672545, -1.3200089;1.0;winchester;
335;windsor;;51.4800285, -0.6125716;1.0;windsor;
336;wolverhampton;;52.5847651, -2.127567;1.0;wolverhampton;
337;woodstock;;51.8942879, -4.8765902;1.0;woodstock;
338;worcester;;52.1911849, -2.2206585;1.0;worcester;
339;worcestershire, eastern;street;53.758547, -0.397218;0.05064403678929;;
340;worcestershire, western;county;52.236437, -2.169111;0.0;;
341;wycombe;county;51.66356185, -0.818083680966309;1.0;;
342;york;;53.9590555, -1.0815361;1.0;york;
343;yorkshire, east riding;;54.93333, -1.96667;0.25004699999999996;yorkshire;
344;yorkshire, north reading;city;54.07369, -0.95032;0.6666666666666667;;
345;yorkshire, west riding;amenity;53.683443350000005, -1.6379413659276632;0.0;;
346;youghal;;51.5370644, -3.1396811;1.0;youghal;
347;birkenhead;;53.3895177, -3.0248007;1.0;birkenhead;
348;yorkshire (west riding), northern;district;54, -1.5;0.5806451612903225;;
349;yorkshire (west riding), southern;district;54, -1.5;0.5806451612903225;;
350;aberdeenshire, eastern;district;57.234133, -2.61417;0.0;;
351;aberdeenshire, western;street;57.0786313, -2.2183398;0.0;;
352;ayrshire, northern;amenity;55.634607, -4.67338;0.81;;
353;ayrshire, southern;amenity;55.634607, -4.67338;0.81;;
354;burnley;;53.793527, -2.245586;1.0;burnley;
355;chelsea;;51.4875167, -0.1687007;1.0;chelsea;
356;cheshire, eastern;street;53.1849101, -2.8830229;0.1640558367;;
357;cheshire, mid;county;53.225969, -2.246478;0.0;;
358;cheshire, western;;53.3353269, -2.2686679;0.9;cheshire;
359;darlington;;54.5242081, -1.5555812;1.0;darlington;
360;derbyshire, eastern;county;53.119911, -1.604812;0.0;;
361;devon, eastern;city;51.0611, -3.92728;0.567;;
362;dewsbury;;53.6909103, -1.6302142;1.0;dewsbury;
363;essex, eastern;;51.54450755, 0.5840084067307691;0.81;essex;
364;essex, western;;51.54450755, 0.5840084067307691;0.81;essex;
365;gravesend;suburb;51.4424747, 0.3694468;1.0;;
366;hackney;amenity;51.5489139, -0.049938432352439555;1.0;;
367;hawick district of burghs;;;;;no
368;kent, mid;amenity;51.28618975, 0.49755317029245705;0.81;;
369;lanarkshire, northern;amenity;55.753403, -4.158390006985703;0.5103;;
370;lanarkshire, southern;street;55.7588688, -4.2447283;0.5103;;
371;lancashire, north-eastern;county;53.888754, -2.672673;0.3;;
372;lancashire, south-eastern;amenity;53.758606, -2.711508;0.0;;
373;lancashire, south-western;amenity;53.758606, -2.711508;0.0;;
374;lincolnshire, mid;county;53.122831, -0.249014;0.0;;
375;lincolnshire, southern;amenity;53.5870753, -0.6543116;0.81;;
376;linconlnshire, northern;;;;;no
377;middlesbrough;;54.5760419, -1.2344047;1.0;middlesbrough;
378;norfolk, northern;;52.51651, 1.31663;0.81;norfolk;
379;norfolk, southern;city;52.51651, 1.31663;0.567;;
380;peeblesshire and selkirkshire;;;;;no
381;somerset, mid;city;50.98375, -2.70785;0.44099999999999995;;
382;staffordshire, eastern;city;52.83333, -1.91667;0.9;;
383;staffordshire, western;city;52.83333, -1.91667;0.9;;
384;stalybridge;;53.4840214, -2.0562536;1.0;stalybridge;
385;stockton-on-tees;;54.564094, -1.3129164;1.0;stockton-on-tees;
386;surrey, mid;county;51.253434, -0.474562;0.0;;
387;the hartlepools;amenity;54.6966814, -1.1758925;1.0;;
388;wednesbury;;52.5521806, -2.0224441;1.0;wednesbury;
389;yorkshire (west riding), eastern;street;53.868846, -0.133739;0.69;;
390;aberdeen, north;city;57.146262, -2.136575;0.9;;
391;aberdeen, south;amenity;57.134873, -2.0605545198594566;1.0;;
392;antrim east;city;54.719697, -6.216839;0.9;;
393;antrim north;amenity;54.60167345, -5.92912240354873;0.81;;
394;antrim south;amenity;52.59802155, 1.169656842200752;0.9;;
395;antrim mid;amenity;54.863793, -6.27671;0.9;;
396;armagh mid;city;54.35, -6.66667;0.9;;
397;armagh north;amenity;54.94685185, -1.8428574184753144;0.9;;
398;armagh south;suburb;54.3477776, -6.663106641607193;1.0;;
399;aston manor;amenity;52.5158144, -1.872822890890502;1.0;;
400;barrow-in-furness;barrow-in-furness;54.1113351, -3.2289494;1.0;;
401;battersea and clapham i;;52.6235358, 1.2944737751526694;0.63;amenity;
402;battersea and clapham ii;;52.6235358, 1.2944737751526694;0.63;amenity;
403;bedfordshire, biggleswade;biggleswade;52.0839339, -0.260495;0.567;;
404;bedfordshire, luton;luton;51.8735053, -0.39387369596005445;1.0;;
405;belfast east;;54.605322, -5.930401460730592;1.0;suburb;
406;belfast north;;54.603533, -5.928807;0.9;city;
407;belfast south;;54.603533, -5.928807;0.9;city;
408;belfast west;;54.603533, -5.928807;0.9;city;
409;berkshire, abingdon;;51.739143299999995, -1.2534288093228758;0.567;amenity;
410;berkshire, newbury;berkshire;51.3993548, -1.2814031;0.9;;
411;bershire, wokingham;wokingham;51.376879, -0.856097;0.5;;
412;berwickshire;berwickshire;55.75, -2.5;1.0;;
413;bethnal green, north-east;;53.003244, -1.20329;0.63;street;
414;bethnal green, south-west;;53.76908, -0.354152;0.5652173913043479;street;
415;birmingham, bordesley;;52.4722127, -1.877661;0.5;amenity;
416;birmingham, east;;52.478308, -1.893538;0.9;city;
417;birmingham, north;;52.53292945, -1.8700192595939888;0.81;amenity;
418;birmingham, south;;52.40313075, -2.014200301059174;0.81;amenity;
419;birmingham, west;;52.4796992, -1.9026911;0.9;city;
420;birminghman, central;;;;;no
421;birminghman, edgbaston;;;;;no
422;bradford, central;;53.807239, -1.778201;0.9;city;
423;bradford, east;;53.8734121, -1.8541143;0.9;postcode;
424;bradford, west;;53.7944229, -1.7519186;0.9;city;
425;bristol, east;;51.449749, -2.584173;0.9;city;
426;bristol, north;;51.449749, -2.584173;0.9;city;
427;bristol, south;;51.4593656, -2.5836277;0.9;amenity;
428;bristol, west;;51.4538022, -2.5972985;0.9;city;
429;buckinghamshire, aylesbury;aylesbury;51.8161412, -0.8130383;0.5;;
430;buckinghamshire, buckingham;;51.9983175, -0.9786725;0.5;city;
431;buckinghamshire, wycombe;;51.817258, -0.8150469;0.81;amenity;
432;bury st edmunds;bury st edmunds;52.2460367, 0.7125173;1.0;;
433;cabridgeshire, wisbech;wisbech;52.667115, 0.162655;0.5;;
434;caernarvonshire, arfon;;53.29058635, -3.8436844017069856;0.42524999999999996;amenity;
435;caernarvonshire, eifion;;53.29058635, -3.8436844017069856;0.40499999999999997;amenity;
436;camberwell, dulwich;;51.4418786, -0.0843244;1.0;suburb;
437;camberwell, north;;51.4739, -0.09381;0.9;city;
438;camberwell, peckham;;51.47402, -0.0914172;0.7290000000000001;amenity;
439;cambridgeshire, chesterton;;52.22424665, 0.1424533579323714;0.81;amenity;
440;cambridgeshire, newmarket;;52.31667, 0.3;0.9;city;
441;carlow;carlow;52.20538725, 0.137539144622093;1.0;;
442;carmarthenshire, eastern;;51.854792, -4.173391;0.0;county;
443;carmarthenshire, western;;51.854792, -4.173391;0.0;county;
444;cavan east;;51.46728525, -0.26643790915473364;0.0;amenity;
445;cavan west;;51.4303133, -2.5922015;0.0;street;
446;cheshire, altrincham;;53.3505379, -2.2690099;0.0;street;
447;cheshire, crewe;;53.0996153, -2.4414627;0.6;city;
448;cheshire, eddisbury;;53.2192693, -2.6708796;0.0;amenity;
449;cheshire, hyde;;57.4718166, -4.230238138726358;0.9;amenity;
450;cheshire, kutsford;county;53.186834, -2.794877;0.0;;
451;cheshire, macclesfield;;53.2606635, -2.1255158;1.0;macclesfield;
452;cheshire, northwich;;53.2602539, -2.5145104;1.0;northwich;
453;cheshire, wirral;amenity;53.39573275, -3.0135989671768932;0.567;;
454;clare east;city;52.079063, 0.581537;0.9;;
455;clare west;city;52.0793283, 0.5820634;0.9;;
456;cork east;street;51.385632, -2.380681;0.0;;
457;cork mid;amenity;54.038514, -2.782603;0.0;;
458;cork north;street;51.385632, -2.380681;0.0;;
459;cork north-east;amenity;51.3805283, -2.3625140577251544;0.63;;
460;cork south;street;51.613393, -0.031756;0.0;;
461;cork south-east;;53.1616459, -1.6373601;0.9;cork;
462;cork west;street;52.002842, -0.758682;0.0;;
463;cornwall, bodmin;city;50.470725, -4.7243205;0.5;;
464;cornwall, camborne;;50.2138828, -5.2990347;0.25004699999999996;cornwall;
465;cornwall, lauceston;amenity;50.263317, -5.051811;0.5;;
466;cornwall, st austell;;;;;no
467;cornwall, stives;amenity;50.263317, -5.051811;0.5;;
468;cornwall, truro;;50.2633173, -5.0518107;0.5;truro;
469;croydon;district;51.3550556, -0.0643103753173489;1.0;;
470;cumberland, cockermouth;;54.6614392, -3.3590111;1.0;cockermouth;
471;cumberland, egremont;;54.4838316, -3.5327921;0.5;egremont;
472;cumberland, eskdale;amenity;54.386061, -3.3129036;0.5;;
473;cumberland, penrith;;54.6607482, -2.740025;1.0;penrith;
474;denbighshire, eastern;amenity;53.252679, -3.483964;0.0;;
475;denbighshire, western;amenity;53.252679, -3.483964;0.0;;
476;deptford;;51.4758453, -0.0215164;1.0;deptford;
477;derbyshire, chesterfield;amenity;53.2382236, -1.4197283;0.5;;
478;derbyshire, high peak;;53.1387717, -1.552891;0.9;derbyshire;
479;derbyshire, ilkeston;;52.976582, -1.315828;0.81;ilkeston;
480;derbyshire, mid;city;53.2, -1.5;0.63;;
481;derbyshire, north-eastern;county;53.119911, -1.604812;0.3;;
482;derbyshire, western;county;53.119911, -1.604812;0.0;;
483;devon, ashburton;postcode;50.5175973, -3.7560726;0.5;;
484;devon, barnstaple;city;51.0804057, -4.0600467;0.5;;
485;devon, honiton;city;50.7981119, -3.1924599;0.5;;
486;devon, south molton;;51.028744, -3.8281108;0.7290000000000001;south molton;
487;devon, tavistock;city;50.5496154, -4.1446358;0.5;;
488;devon, tiverton;city;50.9025623, -3.4875797;0.5;;
489;devon, torquay;city;50.75632, -3.23487;0.567;;
490;devon, totnes;city;50.4322816, -3.6871525;0.5;;
491;donegal east;amenity;52.205858, 0.136471;0.9;;
492;donegal north;amenity;52.205858, 0.136471;0.9;;
493;donegal south;amenity;52.205858, 0.136471;0.9;;
494;donegal west;amenity;52.205858, 0.136471;0.9;;
495;dorset, northern;city;50.79455, -2.61023;0.567;;
496;dorset, southern;city;50.8669, -1.976;0.567;;
497;dorset, western;suburb;50.70971995, -2.4416160157399753;0.0;;
498;down east;amenity;51.1311372, 0.2636186;0.9;;
499;down north;city;51.46056, -2.82694;0.27782999999999997;;
500;down south;city;51.58412, -2.55473;0.63;;
501;down west;amenity;51.46488145, -2.6260755054180525;0.0;;
502;dublin college green;amenity;51.520064, -0.430928;0.63;;
503;dublin harbour;street;54.544599, -1.548955;0.0;;
504;dublin st. patrick's;amenity;55.955651, -3.1943402;0.63;;
505;dublin st. stephen's green;amenity;55.956442800000005, -3.1925626250562913;0.1111111111111111;;
506;dublin county north;amenity;53.4524866, -3.0186397;0.63;;
507;dublin county south;amenity;53.4524866, -3.0186397;0.63;;
508;durham, barnard castle;amenity;54.5433311, -1.9269265885034277;0.6666666666666667;;
509;durham, bishop auckland;;54.66119, -1.678765;0.9;bishop auckland;
510;durham, chester-le-street;;54.851235, -1.573085;0.9;chester-le-street;
511;durham, houghton-le-spring;city;54.839602, -1.470191;0.7142857142857143;;
512;durham, jarrow;;54.98036, -1.48423;0.5;jarrow;
513;durham, mid;city;54.77676, -1.57566;0.9;;
514;durham, north-western;amenity;54.7362174, -2.101661;0.63;;
515;durham, south-eastern;city;54.77676, -1.57566;0.33333333333333337;;
516;edinburgh, central;city;55.944321, -3.242511;0.9;;
517;edinburgh, east;city;55.944321, -3.242511;0.9;;
518;edinburgh, south;amenity;55.9519018, -3.1904199;0.9;;
519;edinburgh, west;city;55.944321, -3.242511;0.9;;
520;endinburghshire;;;;;no
521;esex, walthamstow;;;;walthamstow;
522;essex, chelmsford;;51.54450755, 0.5840084067307691;0.81;essex;
523;essex, epping;city;51.6982689, 0.1102918;0.5;;
524;essex, harwich;city;51.9445801, 1.2898522;0.5;;
525;essex, maldon;;51.721221, 0.675147;0.9;maldon;
526;essex, romford;amenity;51.5407328, -0.0961859;0.9;;
527;essex, saffron walden;postcode;52.021569, 0.2411256;0.6666666666666667;;
528;essex, south-eastern;suburb;51.65132575, 0.6210040796740177;0.0;;
529;fermanagh north;amenity;54.2533686, -7.558474921258922;0.567;;
530;fermanagh south;amenity;54.252321949999995, -7.557459924531137;0.567;;
531;fife, eastern;city;56.06351, -3.44645;0.5;;
532;fife, western;city;56.06351, -3.44645;0.5;;
533;finsbury , east;amenity;50.9150579, 0.7287446384174214;1.0;;
534;finsbury, central;amenity;51.527027450000006, -0.09533022641679864;0.81;;
535;finsbury, holborn;amenity;51.526403, -0.105606;0.0;;
536;fulham;postcode;51.4744221, -0.2060772;1.0;;
537;galway connemara;street;53.06025, -2.449185;0.0;;
538;galway east;street;53.06025, -2.449185;0.0;;
539;galway north;amenity;53.3291258, -0.9658489;0.567;;
540;galway south;street;51.486787, -0.060292;0.0;;
541;glamorganshire, eastern;amenity;51.697807, -3.346851;0.0;;
542;glamorganshire, gower;amenity;51.697807, -3.346851;0.0;;
543;glamorganshire, mid;amenity;51.697807, -3.346851;0.0;;
544;glasgow, backfriars and hutcheson;;;;;no
545;glasgow, bridgeton;;55.861155, -4.2501687;1.0;glasgow;
546;glasgow, camlachie;;;;camlachie;
547;glasgow, college;city;55.860766, -4.268234;0.5;;
548;glasgow, st rollox;amenity;55.8782262, -4.2425961;0.6666666666666667;;
549;glasgow, tradeston;suburb;55.8531105, -4.262678;0.5;;
550;glasgow,central;amenity;55.8586458, -4.2597531;1.0;;
551;gloamorganshire, southern;;;;no;
552;glomorganshire, rhondda;;;;no;
553;gloucestershire, cirencester;city;51.7171029, -1.9661616;0.5;;
554;gloucestershire, forest-of-dean;city;51.7996179, -2.5305841628747032;0.75;;
555;gloucestershire, stroud;city;51.745424, -2.2198605;0.5;;
556;gloucestershire, tewkesbury;suburb;51.9925394, -2.1560169592908442;0.5;;
557;gloucestershire, thornbury;city;51.6078094, -2.5254942;0.5;;
558;greenwich;;51.4820845, -0.0045417;1.0;;greenwich
559;hackney, central;amenity;51.5470605, -0.0568749;1.0;;
560;hackney, north;city;51.53333, -0.08333;0.0;;
561;hackney, south;city;51.53333, -0.08333;0.9;;
562;hammersmith;postcode;51.4920377, -0.2236401;1.0;;
563;hampshire, andover;city;51.2078275, -1.479355;0.5;;
564;hampshire, basingstoke;;51.259272, -1.135454;0.9;;basingstoke
565;hampshire, fareham;;50.8526637, -1.1783134;0.5;;fareham
566;hampshire, new forest;;50.8556349, -1.595562812670837;0.0;;hampshire
567;hampshire, petersfield;;51.0065237, -0.9417209;0.567;;petersfield
568;hampstead;postcode;51.55653, -0.1783011;1.0;;
569;hanley;;53.0259916, -2.1753695;1.0;;hanley
570;hastings;;50.8553888, 0.5824703;1.0;;hastings
571;herefordshire, leominster;;52.2273558, -2.7375333;1.0;;leominster
572;herefordshire, ross;amenity;52.0679479, -2.7509275039437897;0.567;;
573;herfortshire, hitchin;;51.953184, -0.274664;0.5;;hitchin
574;hertfordshire, hertford;city;51.7957409, -0.078521;0.9;;
575;hertfordshire, st albans;;51.956864949999996, -0.22305090784172493;0.23076923076923078;;st albans
576;hertfordshire, watford;;51.956864949999996, -0.22305090784172493;0.9;;hertfordshire
577;huntingdonshire, huntingdon;city;52.3314292, -0.1847723;0.5;;
578;huntingdonshire, ramsey;city;52.4494068, -0.1021136;0.5;;
579;islington, east;amenity;51.527027450000006, -0.09533022641679864;0.81;;
580;islington, north;city;51.53622, -0.10304;0.9;;
581;islington, south;city;51.53622, -0.10304;0.9;;
582;islington, west;amenity;51.5219865, -0.0976083;0.9;;
583;kent, ashford;;51.148555, 0.8722566;0.567;;kent
584;kent, dartford;;51.4443059, 0.21807;0.567;;kent
585;kent, faversham;;51.3158434, 0.8911283;0.5;;faversham
586;kent, isle of thanet;amenity;51.3243438, 1.3314426;0.75;;
587;kent, medway;;51.2009397, 0.3058174;0.0;;kent
588;kent, sevenoaks;;51.27452185, 0.1961165562194977;0.0;;kent
589;kent, st augustine's;amenity;51.295329, 1.065338;0.405;;
590;kent, turnbridge;amenity;51.302492, 0.585529;0.0;;
591;kerry east;amenity;51.51449455, -0.05857245931016587;0.9;;
592;kerry north;city;52.50156, -3.25862;0.9;;
593;kerry south;city;52.50156, -3.25862;0.9;;
594;kerry west;city;52.50156, -3.25862;0.9;;
595;kesington, north;;;;no;
596;kesington, south;;;;no;
597;kildare north;amenity;51.3849175, -2.3488860931208064;0.9;;
598;kildare south;amenity;55.677763999999996, -3.7725983789806516;0.0;;
599;kilkenny north;amenity;51.4886578, -2.774959074021345;0.9;;
600;kilkenny south;amenity;51.024068, -3.10295;0.0;;
601;king's county (birr);amenity;52.754475, 0.39396;0.06200144999999999;;
602;king's county (tullamore);amenity;52.754475, 0.39396;0.29760696000000003;;
603;kinsington upon hull, central;;54.969796, -1.610118;0.0;kinsington upon hull;
604;kinsington upon hull, east;city;53.770694, -0.32798;0.63;;
605;kinsington upon hull, west;city;53.770694, -0.32798;0.63;;
606;lambeth, brixton;amenity;51.494542949999996, -0.12287979425034345;0.9;;
607;lambeth, kennington;;51.4884523, -0.1092504;1.0;kennington;
608;lambeth, north;amenity;51.4989328, -0.1120142;1.0;;
609;lambeth, norwood;;51.4346192, -0.1036917;0.9;norwood;
610;lanarkshire, govan;suburb;55.860048, -4.310645;0.0;;
611;lanarkshire, mid;city;55.58333, -3.83333;0.7857142857142857;;
612;lanarkshire, north-eastern;city;55.95266, -3.98555;0.0;;
613;lanarkshire, north-western;;55.777597, -4.049738;0.1125;north-western;
614;lanarkshire, partick;city;55.58333, -3.83333;0.5;;
615;lancashire, accrington;postcode;53.7541156, -2.3655434;0.5;;
616;lancashire, blackpool;;53.84036055, -3.0161091101036273;0.0;blackpool;
617;lancashire, bootle;city;53.61098, -2.88693;0.567;;
618;lancashire, chorley;;53.6531915, -2.6294313;0.5;chorley;
619;lancashire, clitheroe;;53.8717465, -2.3926783;1.0;clitheroe;
620;lancashire, darwen;;53.69803, -2.46494;0.5;darwen;
621;lancashire, eccles;city;53.61098, -2.88693;0.567;;
622;lancashire, gorton;amenity;53.7172823, -2.6209527;0.0;;
623;lancashire, heywood;city;53.61098, -2.88693;0.567;;
624;lancashire, ince;city;53.61098, -2.88693;0.567;;
625;lancashire, lancaster;;54.0484068, -2.7990345;0.5;lancaster;
626;lancashire, leigh;city;53.61098, -2.88693;0.567;;
627;lancashire, middleton;city;53.61098, -2.88693;0.567;;
628;lancashire, newton;city;53.61098, -2.88693;0.567;;
629;lancashire, north lonsdale;amenity;53.758606, -2.711508;0.0;;
630;lancashire, ormskirk;;53.5673603, -2.8859603;0.5;ormskirk;
631;lancashire, prestwich;city;53.61098, -2.88693;0.567;;
632;lancashire, radcliffe-cum-farnwor;city;53.61098, -2.88693;0.1;;
633;lancashire, rossendale;city;53.61098, -2.88693;0.567;;
634;lancashire, southport;;53.6446136, -3.0042843;0.567;southport;
635;lancashire, stretford;city;53.45, -2.31667;0.5;;
636;lancashire, westhoughton;;53.54899, -2.52464;0.5;westhoughton;
637;lancashire, widnes;;53.370685, -2.732626;1.0;widnes;
638;leeds, central;amenity;53.8001556, -1.5486909;1.0;;
639;leeds, east;city;53.797563, -1.544227;0.9;;
640;leeds, north;amenity;53.8329741, -1.5080066823614282;0.81;;
641;leeds, south;amenity;53.76424865, -1.54194485056313;0.9;;
642;leeds, west;city;53.7974185, -1.5437941;0.9;;
643;leicesterhsire, haborough;;;;;no
644;leicestershire, bosworth;city;52.73213, -1.43166;0.81;;
645;leicestershire, loughborough;;52.769736, -1.205153382984344;1.0;loughborough;
646;leicestershire, melton;city;52.109083, 1.330633;0.5;;
647;leitrim north;city;54.16667, -7.31667;0.9;;
648;leitrim south;city;54.16667, -7.31667;0.9;;
649;lewisham;postcode;51.4624292, -0.0101787;1.0;;
650;limerick east;amenity;54.8435783, -1.986047;0.0;;
651;limerick west;street;51.471153, -2.600028;0.0;;
652;lincolnshire, brigg;amenity;53.5870753, -0.6543116;0.81;;
653;lincolnshire, gainsborough;city;53.3995376, -0.7758801;0.9;;
654;lincolnshire, horncastle;amenity;53.5870753, -0.6543116;0.81;;
655;lincolnshire, louth;;53.3675163, -0.0022381;0.0;lincolnshire;
656;lincolnshire, sleaford;amenity;53.5870753, -0.6543116;0.81;;
657;lincolnshire, spalding;amenity;53.5870753, -0.6543116;0.81;;
658;lincolnshire, stamford;;52.6519973, -0.4804579;1.0;stamford;
659;liverpool, abercromby;city;53.410374, -2.979375;0.5;;
660;liverpool, east toxteth;city;53.410374, -2.979375;0.33333333333333337;;
661;liverpool, everton;amenity;53.424389, -2.966944;0.567;;
662;liverpool, exchange;city;53.410374, -2.979375;0.5;;
663;liverpool, kirkdale;amenity;53.44047405, -2.987070459687921;1.0;;
664;liverpool, scotland;;53.4071991, -2.99168;1.0;liverpool;
665;liverpool, walton;amenity;53.4516732, -2.9578365465357654;1.0;;
666;liverpool, west derby;amenity;53.4286138, -2.9118618;0.6666666666666667;;
667;liverppol, west toxteth;;;;;no
668;londonberry north;city;51.95642, -0.1644;0.3969;;
669;londonberry south;city;50.4, -3.83333;0.63;;
670;longford north;city;52.933611, -1.681477;0.9;;
671;longford south;amenity;51.5334523, -2.4283334;0.9;;
672;louth north;amenity;53.3579863, 0.0326153;0.9;;
673;louth south;city;53.364466, -0.02411;0.9;;
674;manchester, east;amenity;53.477244999999996, -2.197845356822346;0.81;;
675;manchester, north;city;53.471419, -2.244834;0.9;;
676;manchester, north-east;;53.4794892, -2.2451148;1.0;manchester;
677;manchester, north-west;;53.4794892, -2.2451148;1.0;manchester;
678;manchester, south;city;53.471419, -2.244834;0.9;;
679;manchester, south-west;;53.4794892, -2.2451148;1.0;manchester;
680;marylebone, east;amenity;51.5146944, -0.1480903;0.7;;
681;marylebone, west;amenity;51.5208837, -0.1521253016917291;0.63;;
682;mayo east;street;50.8616729, 0.4606052;0.0;;
683;mayo north;suburb;51.464656649999995, -2.770842059418463;0.0;;
684;mayo south;suburb;50.30972, -4.0380533;0.0;;
685;mayo west;amenity;50.96115255, -0.129404356413449;0.9;;
686;meath north;amenity;51.1790522, -0.1559338;0.567;;
687;meath south;amenity;51.176876, -0.1526875;0.567;;
688;middlesex, brentford;;51.489129, -0.307382;0.5;brentford;
689;middlesex, ealing;;51.51282, -0.3023;1.0;ealing;
690;middlesex, enfield;;51.6593928, -0.1332549585379136;0.6561000000000001;enfield;
691;middlesex, harrow;;51.58462, -0.329158;0.9;harrow;
692;middlesex, hornsey;amenity;51.472718, -0.323957;0.81;;
693;middlesex, tottenham;amenity;51.472718, -0.323957;0.81;;
694;middlesex, uxbridge;;51.5449509, -0.4816672;0.5;uxbridge;
695;monaghan north;suburb;51.3476467, -2.786797826995941;0.0;;
696;monaghan south;street;54.17729, -6.343057;0.0;;
697;monmouthshire, norther;amenity;51.622774, -3.019938;0.5850000000000001;;
698;monmouthshire, southern;amenity;51.622774, -3.019938;0.0;;
699;monmouthshire, western;amenity;51.622774, -3.019938;0.0;;
700;newcastle under lyme;newcastle under lyme;53.0117627, -2.2273919;1.0;;
701;newcastle upon tyne;newcastle upon tyne;54.989692, -1.627914;1.0;;
702;newington, walworth;;51.4852627, -0.10158303133535646;1.0;suburb;
703;newington, west;;51.34919, 0.668075;0.9;city;
704;norfold, northern;;;;;no
705;norfolk, mid;;51.057562450000006, -0.1648664000000002;0.9;amenity;
706;norfolk, north-western;;52.682784, 0.933759;0.0;county;
707;norfolk, south-western;;52.682784, 0.933759;0.0;county;
708;northamptonshire, eastern;;52.290223, -0.913221;0.0;county;
709;northamptonshire, mid;;52.44813, -0.50664;0.44099999999999995;city;
710;northumberland, berwick-upon-twee;;55.775208, -2.006404;0.6480000000000001;street;
711;northumberland, hexham;;54.971478, -2.1017927;0.5;city;
712;northumberland, tyneside;;55.02979945, -1.5082559996141889;0.9;district;
713;northumberland, wansbeck;;55.294055, -1.637742;0.63;amenity;
714;nottingham, east;;52.9534193, -1.1496461;0.9;city;
715;nottingham, south;;51.50582315, -0.18871257421651583;0.81;amenity;
716;nottingham, west;;52.949618, -1.147547;0.9;city;
717;nottinghamshire, bassetlaw;;53.34945205, -0.9616604011939824;0.5;city;
718;nottinghamshire, mansfield;mansfield;53.1443785, -1.1964165;1.0;;
719;nottinghamshire, newark;newark;53.1443785, -1.1964165;0.567;;
720;nottinghamshire, rushcliffe;;52.97160435, -1.0808814330673715;0.5;amenity;
721;oxfordshire, banbury;;52.0601807, -1.3402795;0.5;city;
722;oxfordshire, henley;;51.6034, -1.27256;0.63;amenity;
723;oxfordshire, woodstock;;51.8474887, -1.3545343;0.5;city;
724;paddington, north;;51.51558, -0.1763;0.9;city;
725;paddington, south;;51.51558, -0.1763;0.9;city;
726;peeplesshire and selkirkshire;;;;;no
727;pembroke and haverfordwest distri;;51.8033774, -4.9685562;0.0;amenity;
728;perthshire, eastern;;53.683191, -2.658534;0.5294117647058824;street;
729;perthshire, western;;56.291175, -3.846376;0.567;amenity;
730;queen's county (leix);;51.781266, -1.497598;0.05145882352941177;amenity;
731;queen's county (ossory);;51.781266, -1.497598;0.026848081841432225;amenity;
732;renfrewshire, eastern;;55.75559595, -4.368757945736252;0.5103;amenity;
733;renfrewshire, western;;55.78849915, -4.26854142832473;0.5103;amenity;
734;roscommon north;;53.419543, -2.975673;0.0;street;
735;roscommon south;;53.4199309, -2.9722137;0.7290000000000001;amenity;
736;roxburghshire;roxburghshire;55.5, -2.5;1.0;;
737;salford, north;;53.49766, -2.382135;0.9;city;
738;salford, south;;53.49766, -2.382135;0.9;city;
739;salford, west;;51.9493617, -1.582681;0.9;city;
740;sheffield, attercliffe;;53.3825, -1.433688;0.9;street;
741;sheffield, brightside;;53.404212, -1.431107;0.81;amenity;
742;sheffield, central;;53.385013, -1.470097;0.9;city;
743;sheffield, ecclesall;;53.3568319, -1.513869903027171;1.0;amenity;
744;sheffield, hallam;;51.4613945, -1.7180334;0.5;postcode;
745;shoreditch, haggerston;;51.5390915, -0.0703107;0.9;amenity;
746;shoreditch, hoxton;;51.5295386, -0.0800864;0.9;amenity;
747;shropshire, ludlow;ludlow;52.3711007, -2.71598;0.81;;
748;shropshire, newport;newport;52.7741191, -2.3742181;0.6561000000000001;;
749;shropshire, oswestry;oswestry;52.8603096, -3.0548201;0.5;;
750;shropshire, wellington;wellington;52.7, -2.51667;0.5;;
751;sligo north;;54.29439, -7.756063;0.0;street;
752;sligo south;;54.344717, -7.6479166;0.567;amenity;
753;somerset, bridgwater;bridgwater;51.13115255, -2.9829004220178925;0.9;;
754;somerset, frome;;51.2309875, -2.3216982;0.5;postcode;
755;somerset, northern;;50.98375, -2.70785;0.567;city;
756;somerset, southern;;50.98375, -2.70785;0.567;city;
757;somerset, welington;;50.98375, -2.70785;0.567;city;
758;somerset, wells;;51.2094511, -2.6451203;0.5;city;
759;southwark, bermondsey;;51.4978011, -0.0816432;0.9;amenity;
760;southwark, rotherhithe;;51.49345065, -0.05787425648064475;0.81;amenity;
761;southwark, west;;51.49518155, -0.10552671394406696;0.81;amenity;
762;st andrews district of burghs;;56.3511246, -2.8414492;0.567;amenity;
763;st george, hanover square;;53.744634, -0.334045;0.0;street;
764;st helens;st helens;53.4486075, -2.7359820790816323;1.0;;
765;st pancras, east;;50.856305500000005, -0.02444259635872617;0.9;amenity;
766;st pancras, north;;53.515814500000005, -0.9196415601066872;0.9;amenity;
767;st pancras, south;;51.5137208, -0.1118637;0.0;street;
768;st pancras, west;;50.8388268, -0.7685946;0.9;amenity;
769;staffordhsire, lichfield;lichfield;52.681, -1.829439;0.5;;
770;staffordshire, burton;;52.802742, -1.629917;0.9;postcode;
771;staffordshire, handsworth;;52.62554, -2.17667;0.567;city;
772;staffordshire, kingswinford;kingswinford;52.6047717, -2.259164838541728;0.567;;
773;staffordshire, leek;leek;53.1057636, -2.0242837;1.0;;
774;staffordshire, north-western;;52.83333, -1.91667;0.44099999999999995;city;
775;strand;strand;51.817725, -2.4107343;1.0;;
776;suffolk, eye;;52.3226292, 1.1463709;0.9;city;
777;suffolk, lowestoft;lowestoft;52.4766308, 1.7537638;0.5;;
778;suffolk, stowmarket;stowmarket;52.1878147, 0.9973428;0.5;;
779;suffolk, sudbury;;52.0401524, 0.7299495;0.5;postcode;
780;suffolk, woodbridge;woodbridge;52.0941323, 1.3199383;1.0;;
781;sundersland;;;;;no
782;surreey, kingston;kingston;;;;
783;surrey, chertsey;chertsey;51.392296, -0.5038294;0.5;;
784;surrey, epsom;epsom;51.3347075, -0.268833;0.567;;
785;surrey, guildford;guildford;51.24697, -0.588931;0.9;;
786;surrey, reigate;;51.33585, -0.66199;0.9;city;
787;surrey, wimbledon;;51.404853, -0.304818;0.567;amenity;
788;susex, lewes;;;;;no
789;sussex, chichester;chichester;50.8307252, -0.7902974671537156;1.0;;
790;sussex, east grinstead;east grinstead;51.1322179, -0.0117661;1.0;;
791;sussex, eastbourne;eastbourne;50.781084, 0.250574;0.81;;
792;sussex, horsahm;;50.864503, -0.08715;0.9;amenity;
793;sussex, rye;;50.9511871, 0.7327667;0.5;city;
794;swansea, district;;51.6576223, -3.8715324;1.0;amenity;
795;swansea, town;;51.62079, -3.94323;0.5;city;
796;tipperary east;;51.514088099999995, -0.10761511148648525;0.63;amenity;
797;tipperary mid;;51.514088099999995, -0.10761511148648525;0.63;amenity;
798;tipperary north;;51.514088099999995, -0.10761511148648525;0.63;amenity;
799;tipperary south;;51.514088099999995, -0.10761511148648525;0.63;amenity;
800;tower hamlets, limehouse;amenity;51.5112411, -0.031176655894780386;0.567;;
801;tower hamlets, mile end;amenity;51.5253378, -0.033435;0.5;;
802;tower hamlets, poplar;city;51.51667, -0.05;0.6666666666666667;;
803;tower hamlets, st george;city;51.51667, -0.05;0.81;;
804;tower hamlets, stepney;amenity;51.513574, -0.042373;0.567;;
805;tower hamlets, whitechapel;amenity;51.5095303, -0.075386;0.63;;
806;tower hamlets,bow and bromley;street;52.49162, -2.138843;0.0;;
807;tynemouth;;55.0177847, -1.4256042;1.0;tynemouth;
808;tyrone east;amenity;51.88309315, 1.0384498;0.9;;
809;tyrone mid;amenity;54.509791, -6.769187;0.0;;
810;tyrone north;amenity;54.8253501, -7.4635216;0.7290000000000001;;
811;tyrone south;amenity;54.5101423, -6.769401629332267;0.9;;
812;wandsworth;postcode;51.4570271, -0.1932607;1.0;;
813;warwick and leamington;amenity;52.3979366, -1.5165732;0.81;;
814;warwickshire, nuneaton;;52.5246182, -1.4684488;1.0;nuneaton;
815;warwickshire, rugby;;52.3726682, -1.2620038;0.0;warwickshire;
816;warwickshire, stratford-on-avon;;52.56099, -1.62276;0.81;warwickshire;
817;warwickshire, tamworth;;52.626846, -1.669335;1.0;tamworth;
818;waterford east;postcode;51.8177638, -0.0977397;0.9;;
819;waterford west;amenity;50.784209000000004, -0.6862173492929786;0.9;;
820;west bromwich;;52.5186579, -1.9923114;1.0;west bromwich;
821;west ham, north;city;51.53333, 0.01667;0.9;;
822;west ham, south;amenity;51.2650695, -1.1153848;0.9;;
823;westmeath north;street;53.741418, -0.368105;0.0;;
824;westmeath south;street;53.741418, -0.368105;0.0;;
825;westmorland, appleby;;53.620235, -0.566291;0.5;appleby;
826;westmorland, kendal;;54.3322466, -2.7401448;0.81;kendal;
827;wexford north;street;52.592335, -1.061057;0.0;;
828;wexford south;street;55.466432, -4.639677;0.0;;
829;wicklow east;street;53.533699, -0.097123;0.0;;
830;wicklow west;amenity;53.881079650000004, -1.7197847499999965;0.9;;
831;wiltshire, chippenham;city;51.4587621, -2.1159032;0.5;;
832;wiltshire, cricklade;postcode;51.6414188, -1.8579414;0.5;;
833;wiltshire, devizes;city;51.3525027, -1.9958302;0.5;;
834;wiltshire, westbury;city;51.261079, -2.1836535;0.5;;
835;wiltshire, wilton;city;51.0805315, -1.8607051;0.5;;
836;wolverhampton, east;street;52.5648749, -2.1206245;1.0;;
837;wolverhampton, south;city;52.586814, -2.125093;0.9;;
838;wolverhampton, west;city;52.5847651, -2.127567;0.9;;
839;woolwich;;51.4826696, 0.0623335;1.0;woolwich;
840;worcestershire, bewdley;;52.3754763, -2.3162408;1.0;bewdley;
841;worcestershire, droitwich;amenity;52.3392101, -2.2419459;0.81;;
842;worcestershire, evesham;;52.0940158, -1.9483083;1.0;evesham;
843;worcestershire, northern;street;53.758547, -0.397218;0.05064403678929;;
844;yorkshire (east riding), buckrose;street;53.868846, -0.133739;0.667741935483871;;
845;yorkshire (east riding), howdensh;street;53.868846, -0.133739;0.667741935483871;;
846;yorkshire (north riding), clevela;district;54, -1.5;0.5483870967741935;;
847;yorkshire (north riding), richmon;district;54, -1.5;0.5483870967741935;;
848;yorkshire (north riding), thirsk;;54.23298, -1.34411;0.5;thirsk;
849;yorkshire (north riding), whitby;district;54, -1.5;0.5666666666666667;;
850;yorkshire (west riding), barkston;district;54, -1.5;0.5806451612903225;;
851;yorkshire (west riding), barnsley;;53.55, -1.48333;0.5;barnsley;
852;yorkshire (west riding), colne va;;54, -1.5;0.0;colne;
853;yorkshire (west riding), doncaste;district;54, -1.5;0.5806451612903225;;
854;yorkshire (west riding), elland;street;53.868846, -0.133739;0.9;;
855;Inverness-shire and Ross and Cromarty, Western Isles;;57.6807913, -4.0346487;0.25;cromarty;
856;Stirlingshire and Clackmannanshire, West Stirlingshire;;;;;no
857;yorkshire (west riding), keighley;street;53.868846, -0.133739;0.667741935483871;;
858;yorkshire (west riding), morley;street;53.868846, -0.133739;0.713793103448276;;
859;yorkshire (west riding), normanto;district;54, -1.5;0.5806451612903225;;
860;yorkshire (west riding), osgoldcr;district;54, -1.5;0.5806451612903225;;
861;yorkshire (west riding), otley;;53.905097, -1.699137;0.5;otley;
862;yorkshire (west riding), pudsey;street;53.868846, -0.133739;0.713793103448276;;
863;yorkshire (west riding), ripon;amenity;54.136818, -1.523098;0.27337500000000003;;
864;yorkshire (west riding), rotherha;district;54, -1.5;0.5806451612903225;;
865;yorkshire (west riding), shipley;;53.83333, -1.76667;0.5;shipley;
866;yorkshire (west riding), skipton;;53.960298, -2.018251;0.5;skipton;
867;yorkshire (west riding), sowerby;street;53.868846, -0.133739;0.69;;
868;yorkshire (west riding), spen val;street;53.868846, -0.133739;0.9;;
869;yorkshire, (east ridin), holderne;district;54, -1.5;0.6666666666666667;;
870;yorkshire (west riding), hallamsh;district;54, -1.5;0.5806451612903225;;
871;yorkshire (west riding), holmfirt;district;54, -1.5;0.5806451612903225;;
872;aberdeenshire and kincardineshire;;;;;no
873;accrington;;53.7541156, -2.3655434;1.0;accrington;
874;antrim east;city;54.719697, -6.216839;0.9;;
875;antrim mid;amenity;54.863793, -6.27671;0.9;;
876;antrim north;amenity;54.60167345, -5.92912240354873;0.81;;
877;antrim south;amenity;52.59802155, 1.169656842200752;0.9;;
878;armagh mid;city;54.35, -6.66667;0.9;;
879;armagh north;amenity;54.94685185, -1.8428574184753144;0.9;;
880;armagh south;suburb;54.3477776, -6.663106641607193;1.0;;
881;ayrshire and bute, bute and north;amenity;56.042, -5.41842;0.63;;
882;ayrshire and bute, kilmarnock;city;56.37732, -6.09604;0.2;;
883;ayrshire and bute, south ayrshire;district;55.254281, -4.693226;0.0;;
884;barnsley;;53.5527719, -1.4827755;1.0;barnsley;
885;batley and morley;amenity;52.9780992, -0.0214482;0.567;;
886;battersea, north;suburb;51.473195, -0.159157;0.0;;
887;battersea, south;suburb;51.473195, -0.159157;0.0;;
888;bedfordshire, bedford;postcode;52.1363806, -0.4675041;0.5;;
889;bedfordshire, mid;county;52.001576, -0.463637;0.0;;
890;belfast (cromac);;54.589135049999996, -5.9204031391130805;0.81;cromac;
891;belfast (duncairn);suburb;54.6160488, -5.9325311;1.0;;
892;belfast (falls);suburb;54.5970917, -5.946380843397833;1.0;;
893;belfast (ormeau);amenity;54.58290835, -5.9219439707158745;0.855;;
894;belfast (pottinger);street;54.5999782, -5.9265893;0.4123636363636364;;
895;belfast (shankill);;54.596391, -5.9301829;1.0;belfast;
896;belfast (st. anne's);street;54.65406, -5.693643;0.9;;
897;belfast (victoria);;54.596391, -5.9301829;1.0;belfast;
898;belfast (woodvale);suburb;54.6105885, -5.9617824;1.0;;
899;berkshire, windsor;amenity;51.47828375, -0.6132102368967716;0.567;;
900;bermondsey, rotherhithe;amenity;51.498036, -0.0634795;0.9;;
901;bermondsey, west;street;51.501233, -0.0681341;1.0;;
902;berwickshire and haddingtonshire;;;;no;
903;birkenhead, east;amenity;53.3898238, -3.0199023;0.81;;
904;birkenhead, west;amenity;53.388985, -3.0317314;0.81;;
905;birmingham, aston;postcode;52.5006916, -1.8841916;0.5;;
906;birmingham, deritend;amenity;52.4735217, -1.8826851;0.5;;
907;birmingham, duddeston;amenity;52.4884888, -1.8712807;0.5;;
908;birmingham, edgbaston;amenity;52.47100415, -1.921455396432302;0.81;;
909;birmingham, erdington;amenity;52.5284461, -1.8425676;1.0;;
910;birmingham, handsworth;city;52.478308, -1.893538;0.5;;
911;birmingham, king's norton;amenity;52.4508239, -1.7253357;0.63;;
912;birmingham, ladywood;amenity;52.4731, -1.9183;0.567;;
913;birmingham, moseley;amenity;52.45323, -1.88759;0.81;;
914;birmingham, sparkbrook;postcode;52.4639671, -1.8758275;0.5;;
915;birmingham, yardley;amenity;52.493265, -1.937593;0.63;;
916;blackpool;;53.8179442, -3.0509812;1.0;;blackpool
917;bootle;;53.4506931, -2.9948834;1.0;;bootle
918;bournemouth;;50.720097, -1.8799272;1.0;;bournemouth
919;bradford, north;postcode;55.1122137, -1.8947992208299518;0.9;;
920;bradford, south;city;53.807239, -1.778201;0.9;;
921;breconshire and radnorshire;;;;no;
922;bristol, central;city;51.449749, -2.584173;0.9;;
923;bromley;district;51.36685695, 0.061709076090816765;1.0;;
924;caithness and sutherland;amenity;58.5147311, -3.4928939;0.567;;
925;camberwell, north-west;amenity;51.472943, -0.092044;0.63;;
926;cardiff, central;amenity;51.477871, -3.1753601;1.0;;
927;cardiff, east;amenity;51.5246206, -3.1018701275908627;0.81;;
928;cardiff,south;postcode;51.4816546, -3.1791934;0.9;;
929;carlow;;52.20538725, 0.137539144622093;1.0;;carlow
930;carmarthenshire, carmarthen;;51.8591257, -4.3115907;1.0;;carmarthen
931;carmarthenshire, llanelly;;51.7300218, -4.3169784;0.7290000000000001;;llanelly
932;cavan east;amenity;51.46728525, -0.26643790915473364;0.0;;
933;cavan west;street;51.4303133, -2.5922015;0.0;;
934;cheshire, city of chester;;53.1888838, -2.8907471527256074;1.0;;city of chester
935;cheshire, knutsford;city;53.3025402, -2.3716001;0.5;;
936;cheshire, stalybridge and hyde;amenity;51.455862350000004, -2.6069306327367014;0.63;;
937;clare east;city;52.079063, 0.581537;0.9;;
938;clare west;city;52.0793283, 0.5820634;0.9;;
939;clasgow, gorbals;;;;no;
940;cork city;city;51.80174, -0.20691;0.567;;
941;cork east;street;51.385632, -2.380681;0.0;;
942;cork mid;amenity;54.038514, -2.782603;0.0;;
943;cork north;street;51.385632, -2.380681;0.0;;
944;cork north-east;amenity;51.3805283, -2.3625140577251544;0.63;;
945;cork south;street;51.613393, -0.031756;0.0;;
946;cork south-east;;53.1616459, -1.6373601;0.9;;cork
947;cork west;street;52.002842, -0.758682;0.0;;
948;cornwall, northern;;50.263317, -5.051811;1.0;;cornwall
949;cornwall, penryn and falmouth;amenity;50.138951, -5.090249;0.0;;
950;cornwall, st ives;city;50.2149064, -5.4795083;0.6666666666666667;;
951;croydon, north;amenity;51.345356100000004, -0.024058313363187752;0.81;;
952;croydon, south;city;52.1277704, -0.0813098;0.9;;
953;cumberland, northern;;51.44830605, -2.621159556928659;0.9;cumberland;
954;cumberland, penrith and cockermou;street;54.609603, -3.149913;0.0;;
955;cumberland, whitehaven;;54.5474199, -3.5885335;1.0;whitehaven;
956;cumberland, workington;;54.6415716, -3.5459287;1.0;workington;
957;denbighshire, denbigh;suburb;53.1876679, -3.4099536947191598;0.9;;
958;denbighshire, wrexham;county;53.054215, -3.3019677117412627;0.0;;
959;derbyshire, belper;city;53.0229029, -1.4817414;0.5;;
960;derbyshire, clay cross;;53.1652765, -1.4132383;1.0;clay cross;
961;donegal east;amenity;52.205858, 0.136471;0.9;;
962;donegal north;amenity;52.205858, 0.136471;0.9;;
963;donegal south;amenity;52.205858, 0.136471;0.9;;
964;donegal west;amenity;52.205858, 0.136471;0.9;;
965;dorset, eastern;county;50.795727, -2.331934;0.0;;
966;dorset,western;suburb;50.70971995, -2.4416160157399753;0.0;;
967;down east;amenity;51.1311372, 0.2636186;0.9;;
968;down mid;postcode;50.8251727, -3.7845004;0.44099999999999995;;
969;down north;city;51.46056, -2.82694;0.27782999999999997;;
970;down south;city;51.58412, -2.55473;0.63;;
971;down west;amenity;51.46488145, -2.6260755054180525;0.0;;
972;dublin (clontarf);street;51.538349, -0.062887;0.27;;
973;dublin (college green);street;53.261618, -2.925092;0.9;;
974;dublin (pembroke);;51.673309, -4.908639;0.5;pembroke;
975;dublin (rathmines);street;54.590312, -5.933659;0.9;;
976;dublin (st. james's);street;52.939244, -4.145147;0.9;;
977;dublin (st. michan's);street;55.957125, -3.193614;0.9;;
978;dublin (st. patrick's);street;54.544599, -1.548955;0.13846153846153847;;
979;dublin (st. stephen's green);amenity;55.956442800000005, -3.1925626250562913;0.1111111111111111;;
980;dublin county north;amenity;53.4524866, -3.0186397;0.63;;
981;dublin harbour;street;54.544599, -1.548955;0.0;;
982;dublinn county south;amenity;54.011869, -2.783752;0.0;;
983;dumbarton district of burghs;;;;;no
984;dunfermline district of burghs;;;;;no
985;durham, blaydon;postcode;54.9557596, -1.7431158;0.9;;
986;durham, consett;;54.861762, -1.833626;0.9;consett;
987;durham, durham;;54.7770139, -1.5756205;1.0;durham;
988;durham, seaham;;54.7770139, -1.5756205;1.0;durham;
989;durham, sedgefield;;54.7770139, -1.5756205;1.0;durham;
990;durham, spennymoor;;54.71006545, -1.5708645164149715;0.81;spennymoor;
991;ealing;district;51.5250846, -0.3142935008138148;1.0;;
992;east ham, north;city;53.2, -1.5;0.81;;
993;east ham, south;postcode;51.1212058, -1.0638308;0.9;;
994;eccles;;55.6657728, -2.377732;1.0;eccles;
995;edinburgh, north;street;55.858303, -3.773425;0.81;;
996;edmonton;;51.6267968, -0.0769118;1.0;edmonton;
997;essex, colchester;;51.54450755, 0.5840084067307691;0.81;essex;
998;fermanagh north;amenity;54.2533686, -7.558474921258922;0.567;;
999;fermanagh south;amenity;54.252321949999995, -7.557459924531137;0.567;;
1000;fulham, east;amenity;51.46718155, -0.18619293566455658;0.81;;
1001;fulham, westr;city;51.48026, -0.1993;0.5;;
1002;galloway;;51.8291275, -0.8356277;1.0;galloway;
1003;galway connemara;street;53.06025, -2.449185;0.0;;
1004;galway east;street;53.06025, -2.449185;0.0;;
1005;galway north;amenity;53.3291258, -0.9658489;0.567;;
1006;galway south;street;51.486787, -0.060292;0.0;;
1007;gatehead;;55.5947682, -4.5534433;1.0;gatehead;
1008;glamoranshire, ogmore;;;;;no
1009;glamoranshire, pontypridd;;;;pontypridd;
1010;glamorganshire, aberavon;amenity;51.697807, -3.346851;0.0;;
1011;glamorganshire, caerphilly;;51.573583, -3.219295;0.5;caerphilly;
1012;glamorganshire, llandaff and barr;amenity;52.545319, -1.901123;0.0;;
1013;glamorganshire, neath;;51.66317, -3.80443;0.5;neath;
1014;glasgow, cathcart;;55.861155, -4.2501687;1.0;glasgow;
1015;glasgow, central;amenity;55.8586458, -4.2597531;1.0;;
1016;glasgow, govan;;55.861155, -4.2501687;1.0;glasgow;
1017;glasgow, hillhead;amenity;55.879505, -4.290972;0.567;;
1018;glasgow, kelvingrove;city;55.860766, -4.268234;0.5;;
1019;glasgow, maryhill;;55.861155, -4.2501687;1.0;glasgow;
1020;glasgow, partick;amenity;55.8699211, -4.3094365;0.5714285714285714;;
1021;glasgow, pollok;;55.861155, -4.2501687;1.0;glasgow;
1022;glasgow, shettleston;;55.861155, -4.2501687;1.0;glasgow;
1023;glasgow, springburn;;55.861155, -4.2501687;1.0;glasgow;
1024;gloucestershire, cirencester and;amenity;51.89383, -2.1645;0.63;;
1025;gloucestershire, forest and dean;amenity;51.7932555, -2.4884804;0.0;;
1026;grimsby;;53.5671407, -0.0788045;1.0;grimsby;
1027;hammersmith, north;city;51.49384, -0.22882;0.9;;
1028;hammersmith, south;amenity;51.4942495, -0.2156518;0.81;;
1029;hampshire, aldershot;postcode;51.2494169, -0.7630148;0.5;;
1030;hampshire, new forest and christc;city;54.683331, -2.268323;0.3;;
1031;hampshire, winchester;;51.0610669, -1.3103656;0.81;winchester;
1032;herefordshire, hereford;;52.0553813, -2.7151735;0.567;herefordshire;
1033;hereforedshire, leominster;;52.226299, -2.740184;0.5;leominster;
1034;hertfordshire, hemel hempstead;;51.7511784, -0.472528;1.0;hemel hempstead;
1035;hertfordshire, hitchin;;51.956864949999996, -0.22305090784172493;0.567;hitchin;
1036;holborn;amenity;51.5171149, -0.1200657;1.0;;
1037;hornsey;suburb;51.5873645, -0.1209667;1.0;;
1038;ilford;postcode;51.5582734, 0.0711669;1.0;;
1039;isle of ely;amenity;52.4101888, 0.2506969;1.0;;
1040;iverness-shire and ross and croma;street;53.180191, -2.549774;0.0;;
1041;kensington, north;amenity;54.3446464, -1.4409980642577263;0.9;;
1042;kensington, south;amenity;51.4976812, -0.197597;0.63;;
1043;kent, canterbury;;51.2800275, 1.0802533;0.567;kent;
1044;kent, chislehurst;;51.413146, 0.065479;0.5;chislehurst;
1045;kent, dover;;51.1251275, 1.3134228;0.567;kent;
1046;kent, gravesend;;51.443331, 0.33218;0.81;gravesend;
1047;kent, maidstone;;51.2748258, 0.5231646;0.567;kent;
1048;kent, tornbridge;amenity;51.302492, 0.585529;0.0;;
1049;kerry east;amenity;51.51449455, -0.05857245931016587;0.9;;
1050;kerry north;city;52.50156, -3.25862;0.9;;
1051;kerry south;city;52.50156, -3.25862;0.9;;
1052;kerry west;city;52.50156, -3.25862;0.9;;
1053;kildare north;amenity;51.3849175, -2.3488860931208064;0.9;;
1054;kildare south;amenity;55.677763999999996, -3.7725983789806516;0.0;;
1055;kilkenny north;amenity;51.4886578, -2.774959074021345;0.9;;
1056;kilkenny south;amenity;51.024068, -3.10295;0.0;;
1057;king's county;amenity;54.1790491, -6.337904624659713;0.9;;
1058;kingston upon hull, central;;53.7435722, -0.3394758;1.0;kingston upon hull;
1059;kingston upon hull, east;;53.7435722, -0.3394758;1.0;kingston upon hull;
1060;kingston upon hull, north-west;;53.7435722, -0.3394758;1.0;kingston upon hull;
1061;kingston upon hull, south-west;;53.7435722, -0.3394758;1.0;kingston upon hull;
1062;kingston upon thames;district;51.38177625, -0.27699333824284805;1.0;;
1063;krikcaldy district of burghs;;;;;no
1064;lanarkshire, bothwell;;55.8026551, -4.0676955;0.5;bothwell;
1065;lanarkshire, coatbridge;;55.8626581, -4.0152349;0.81;coatbridge;
1066;lanarkshire, hamilton;;55.776889, -4.0442268;0.567;hamilton;
1067;lanarkshire, lanark;postcode;55.6736271, -3.7780361;0.6666666666666666;;
1068;lanarkshire, motherwell;;55.7902072, -3.9920191;0.5;motherwell;
1069;lanarkshire, rutherglen;postcode;55.8283888, -4.2116533;0.6;;
1070;lancashire, farnworth;city;53.61098, -2.88693;0.567;;
1071;lancashire, fylde;district;53.79336215, -2.89426008005;0.0;;
1072;lancashire, heywood and radcliffe;amenity;53.589481, -2.250472;0.0;;
1073;lancashire, lonsdale;city;53.61098, -2.88693;0.567;;
1074;lancashire, middleton and prestwi;amenity;53.54497175, -2.6124148718610534;0.63;;
1075;lancashire, mossley;city;53.513191, -2.039717;0.5;;
1076;lancashire, royton;city;53.61098, -2.88693;0.567;;
1077;lancashire, waterloo;;53.6602197, -2.6286293;0.32148899999999997;waterloo;
1078;leeds, north-east;street;53.881275, -1.274971;0.5670000000000001;;
1079;leeds, south-east;;53.7974185, -1.5437941;1.0;leeds;
1080;leicester, east;amenity;52.619127950000006, -1.205588651136061;0.9;;
1081;leicester, south;city;52.631453, -1.134219;0.9;;
1082;leicester, west;amenity;52.6338387, -1.1399704341530028;0.9;;
1083;leicestershire, harborough;city;52.538568850000004, -0.9200444888910031;0.5;;
1084;leigh;;53.4960455, -2.5171495;1.0;leigh;
1085;leith;;55.9725499, -3.1709492;1.0;leith;
1086;leitrim;postcode;54.2855309, -5.9982114;1.0;;
1087;lewisham, east;city;51.45355, -0.018;0.6666666666666667;;
1088;lewisham, west;street;51.099272, -0.201143;0.9;;
1089;leyton, east;city;51.55956, -0.00777;0.9;;
1090;leyton, west;amenity;51.52866815, -2.569314960700452;0.9;;
1091;limerick city;city;51.80174, -0.20691;0.567;;
1092;limerick east;amenity;54.8435783, -1.986047;0.0;;
1093;limerick west;street;51.471153, -2.600028;0.0;;
1094;lincolnshire (parts of kesteven,;county;52.9487824, -0.4927188915281223;1.0;;
1095;lincolnshire (parts of lindsey),;amenity;53.28685204999999, -0.5478850634092005;0.5460967741935484;;
1096;lincolnshire, rutland and stamfor;county;53.612169, -0.62227;0.0;;
1097;lincolnshire, (parts of holland),;amenity;53.37031355, 0.008129174335414473;0.6480000000000001;;
1098;liverpool, edge hill;city;53.410374, -2.979375;0.81;;
1099;liverpool, fairfield;;53.4181381, -2.934096126818182;1.0;fairfield;
1100;liverpool, wavertree;amenity;53.3964505, -2.9281452;0.5;;
1101;liverpool, west toxteth;city;53.410374, -2.979375;0.33333333333333337;;
1102;londonberry city;city;51.80174, -0.20691;0.567;;
1103;londonberry north;city;51.95642, -0.1644;0.3969;;
1104;londonberry south;city;50.4, -3.83333;0.63;;
1105;longford;;51.4807902, -0.4902523;1.0;longford;
1106;louth;;53.3675163, -0.0022381;1.0;louth;
1107;manchester, ardwick;amenity;53.4711176, -2.2130325;0.5;;
1108;manchester, blackley;;53.4794892, -2.2451148;1.0;manchester;
1109;manchester, clayton;city;53.471419, -2.244834;0.5;;
1110;manchester, exchange;amenity;53.4859757, -2.2475911;1.0;;
1111;manchester, gorton;amenity;53.46456525, -2.1768155155113984;0.7290000000000001;;
1112;manchester, hulme;amenity;53.47008, -2.23908;0.567;;
1113;manchester, moss side;amenity;53.4595044, -2.2356078;0.5904900000000001;;
1114;manchester, platting;amenity;53.483872149999996, -2.20408596139014;0.567;;
1115;manchester, rusholme;city;53.471419, -2.244834;0.5;;
1116;manchester, withington;amenity;53.47741975, -2.230833394921874;0.567;;
1117;mayo east;street;50.8616729, 0.4606052;0.0;;
1118;mayo north;suburb;51.464656649999995, -2.770842059418463;0.0;;
1119;mayo south;suburb;50.30972, -4.0380533;0.0;;
1120;mayo west;amenity;50.96115255, -0.129404356413449;0.9;;
1121;meath north;amenity;51.1790522, -0.1559338;0.567;;
1122;meath south;amenity;51.176876, -0.1526875;0.567;;
1123;merthyr tydfil, aberdare;;51.7455659, -3.3786082;1.0;merthyr tydfil;
1124;merthyr tydfil, merthyr;;51.7455659, -3.3786082;1.0;merthyr tydfil;
1125;middlesbrough, east;amenity;54.575911950000005, -1.2350487824729468;0.81;;
1126;middlesbrough, west;amenity;54.5791464, -1.2345092;0.9;;
1127;middlesex, acton;amenity;51.531318850000005, -0.2677642601310697;0.81;;
1128;middlesex, brentford and chiswick;amenity;51.49277, -0.270257;0.0;;
1129;middlesex, finchley;amenity;51.472718, -0.323957;0.81;;
1130;middlesex, hendon;amenity;51.472718, -0.323957;0.81;;
1131;middlesex, twickenham;;51.447054, -0.332907;0.5;twickenham;
1132;middlesex, wood green;amenity;51.588798, -0.229632;0.63;;
1133;middlsex, spelthorne;;;;middlsex;
1134;midlothian and peeblesshire, nort;amenity;55.835504, -3.173787;0.0;;
1135;midlothian and peeblesshire, peeb;amenity;55.835504, -3.173787;0.0;;
1136;monaghan north;suburb;51.3476467, -2.786797826995941;0.0;;
1137;monaghan south;street;54.17729, -6.343057;0.0;;
1138;monmouthshire, abertillery;;51.731198, -3.137951;1.0;abertillery;
1139;monmouthshire, bedwellty;;51.69623, -3.20692;1.0;bedwellty;
1140;monmouthshire, ebbw vale;;51.7812925, -3.2084383;1.0;ebbw vale;
1141;monmouthshire, monmouth;city;51.814148, -2.711217;0.9;;
1142;monmouthshire, pontypool;;51.7016878, -3.0405374;1.0;pontypool;
1143;moray and mairnshire;amenity;57.6158, -3.57125;0.0;;
1144;nelson and colne;amenity;53.84462805, -2.2216431082180117;0.9;;
1145;newcastle-upon-lyme;amenity;54.98017505, -1.6146802127187847;0.63;;
1146;newcastle-upon-tyne, cental;city;54.989692, -1.627914;0.12502349999999998;;
1147;newcastle-upon-tyne, east;city;54.989692, -1.627914;0.9;;
1148;newcastle-upon-tyne, north;;54.9738474, -1.6131572;1.0;newcastle-upon-tyne;
1149;newcastle-upon-tyne, west;postcode;55.0273515, -1.6593745820510946;0.9;;
1150;newport;newport;51.5882332, -2.9974967;1.0;;
1151;norfolk, kind's lynn;;52.71864, 0.413064;0.0;street;
1152;northamptonshire (and the soke of;;52.44813, -0.50664;0.1111111111111111;city;
1153;northamptonshire, kettering;;52.3994233, -0.728004;0.5;city;
1154;northamptonshire, peterborough;;52.57862, -0.241181;0.5;city;
1155;northamptonshire, wellingborough;wellingborough;52.3015584, -0.6858517326326148;0.9;;
1156;nottingham, central;;52.949618, -1.147547;0.9;city;
1157;nottinghamshire, broxtowe;;52.970202400000005, -1.261989725119972;0.5;city;
1158;perthshire and kinross-shire, kin;;56.206555, -3.43298;0.0;amenity;
1159;perthshire and kinross-shire, per;;;;;no
1160;plymouth, devonport;;50.3785212, -4.1701007;0.5;amenity;
1161;plymouth, drake;;50.393988, -4.113637;0.5;city;
1162;plymouth, sutton;;50.393988, -4.113637;0.5;city;
1163;poplar, bow and bromley;;51.5246287, -0.0123189;0.0;amenity;
1164;poplar, south poplar;;51.51277345, -0.01497619001240576;0.7290000000000001;amenity;
1165;portsmouth, north;;50.82802085, -1.083556662387514;1.0;suburb;
1166;portsmouth, south;;50.794445350000004, -1.0712158918978683;1.0;suburb;
1167;prtsmouth, central;;;;;no
1168;queen's county;;51.780964499999996, -1.4973095399951668;0.6561000000000001;amenity;
1169;rhondda, east;;51.659049, -3.448866;0.5727272727272728;street;
1170;rhondda, west;;51.59005, -3.579197;0.5727272727272728;street;
1171;rochester, chatham;chatham;51.3754569, 0.518893;0.9;;
1172;rochester, gillingham;;51.39759395, 0.543477996084319;0.9;amenity;
1173;roscommon north;;53.419543, -2.975673;0.0;street;
1174;roscommon south;;53.4199309, -2.9722137;0.7290000000000001;amenity;
1175;rossendale;rossendale;53.6848806, -2.261439758907419;1.0;;
1176;rotherham;rotherham;53.4310417, -1.355187;1.0;;
1177;roxburghshire and selkirkshire;;;;;no
1178;sheffield, hillsborough;sheffield;53.3806626, -1.4702278;1.0;;
1179;sheffield, park;;54.865111, -7.0807098;1.0;postcode;
1180;sheffiled, attercliffe;;53.3944795, -1.4315196;0.5;suburb;
1181;shoreditch;;51.5266694, -0.0798926;1.0;suburb;
1182;shropshire, shrewsbury;shrewsbury;52.7118509, -2.7494043;0.567;;
1183;shropshire, the wrekin;;52.713916, -2.412417;0.405;street;
1184;sligo north;;54.29439, -7.756063;0.0;street;
1185;sligo south;;54.344717, -7.6479166;0.567;amenity;
1186;smethwick;smethwick;52.4968157, -1.9739174;1.0;;
1187;somerset, taunton;taunton;51.018223, -3.100356;1.0;;
1188;somerset, weston-super-mare;weston-super-mare;51.3471927, -2.9778916;1.0;;
1189;somerset, yeovil;yeovil;50.944553049999996, -2.6095621787951884;0.567;;
1190;southend-on-sea;southend-on-sea;51.5388241, 0.7128137;1.0;;
1191;southport;southport;53.6475988, -3.0041751;1.0;;
1192;southwark, central;;51.50389355, -0.10252029831793721;0.81;amenity;
1193;southwark, north;;51.4581976, -0.0752092;0.81;amenity;
1194;southwark, south-east;southwark;51.50588705, -0.09666479895992489;0.81;;
1195;st marylebone;;51.52427, -0.1634083;0.9;amenity;
1196;st pancras, south-east;st pancras;51.5259149, -0.1290973;1.0;;
1197;st pancras, south-west;st pancras;51.5259149, -0.1290973;1.0;;
1198;staffordshire, cannock;;52.83333, -1.91667;0.9;city;
1199;staffordshire, lichfield;lichfield;52.68064, -1.8243991722405983;0.5;;
1200;staffordshire, stafford;city;52.83333, -1.91667;0.9;;
1201;stepney, limehouse;;51.5174023, -0.0462189;0.3969;limehouse;
1202;stepney, mile end;;51.5174023, -0.0462189;0.3969;mile;
1203;stepney, whitechapel and st georg;city;51.5175, -0.04292;0.19999999999999996;;
1204;stirling and falkirk district of;;56.1190465, -3.9370062;0.5;stirling and;
1205;stirlingshire and clackmannanshir;;;;;no
1206;stirlingshrie and clackmannanshir;;;;;no
1207;stoke newington;suburb;51.5578698, -0.0822482;1.0;;
1208;stoke-on-trent, burslem;postcode;53.0446287, -2.1928235;1.0;;
1209;stoke-on-trent, hanley;postcode;53.0259916, -2.1753695;0.75;;
1210;stoke-on-trent, stoke;;53.0162014, -2.1812607;1.0;stoke-on-trent;
1211;straffordshire, stone;amenity;51.335205, 1.420025;0.81;;
1212;suffolk (east), eye;street;50.856542, 0.471807;0.7411764705882353;;
1213;suffolk (east), lowestoft;;52.4766308, 1.7537638;0.5;lowestoft;
1214;suffolk (east), woodbridge;city;52.0941323, 1.3199383;0.75;;
1215;suffolk (west), bury st edmunds;;52.2460367, 0.7125173;0.5;bury st edmunds;
1216;suffolk (west), sudbury;amenity;52.03747395, 0.7344026651307032;0.5785714285714286;;
1217;surrey, farnham;;51.2109359, -0.7937917;0.567;farnham;
1218;surrey, mitcham;;51.3532584, -0.7183142;0.9;surrey;
1219;sussex (east), east grinstead;;51.128572, -0.015474;0.5;east grinstead;
1220;sussex (east), eastbourne;;50.7664372, 0.2781546;0.5;eastbourne;
1221;sussex (east), lewes;;50.8746139, 0.005115324110936268;0.5;lewes;
1222;sussex (east), rye;city;50.9511871, 0.7327667;1.0;;
1223;sussex (west), chichester;;50.84467705, -0.7831144316193243;0.5;chichester;
1224;sussex (west), horsham and worthi;amenity;51.0581078, -0.3335980209562621;0.5879032258064516;;
1225;swansea, east;amenity;51.6327999, -3.9367083;0.81;;
1226;swansea, west;postcode;51.6195955, -3.9459248;0.9;;
1227;tipperary east;amenity;51.514088099999995, -0.10761511148648525;0.63;;
1228;tipperary mid;amenity;51.514088099999995, -0.10761511148648525;0.63;;
1229;tipperary north;amenity;51.514088099999995, -0.10761511148648525;0.63;;
1230;tipperary south;amenity;51.514088099999995, -0.10761511148648525;0.63;;
1231;tottenham, north;amenity;51.5844098, -0.0604004;1.0;;
1232;tottenham, south;amenity;51.5817333, -0.0598642;1.0;;
1233;tyrone north-east;district;54.58333, -7;0.0;;
1234;tyrone north-west;district;54.58333, -7;0.0;;
1235;tyrone south;amenity;54.5101423, -6.769401629332267;0.9;;
1236;wallasey;;53.4241208, -3.0394101;1.0;wallasey;
1237;wallsend;;54.9911912, -1.5342042;1.0;wallsend;
1238;walthamstow, east;amenity;51.58279975, -0.01933633534833506;0.81;;
1239;walthamstow, west;amenity;51.582601049999994, -0.02031167597527176;0.81;;
1240;wandsworth, central;amenity;51.4799372, -0.1486815;0.81;;
1241;wandsworth, clapham;amenity;51.4702083, -0.139762;0.81;;
1242;wandsworth, putney;amenity;51.457052, -0.200794;0.81;;
1243;wandsworth, streatham;amenity;51.4246803, -0.138774;0.81;;
1244;wandsworthm, balham and tooting;amenity;51.44621, -0.154467;0.0;;
1245;warwickshire, nuneatton;city;52.56099, -1.62276;0.567;;
1246;warwickshire, warwick and leaming;city;52.56099, -1.62276;0.2;;
1247;waterford city;amenity;55.97130205, -3.3015686516703893;0.9;;
1248;waterford county;city;51.81911, -0.0954;0.9;;
1249;west ham, plaistow;amenity;51.5280966, 0.0045685;0.6666666666666667;;
1250;staffordshire, stafford;city;52.83333, -1.91667;0.9;;
1251;stepney, limehouse;;51.5174023, -0.0462189;0.3969;limehouse;
1252;stepney, mile end;;51.5174023, -0.0462189;0.3969;mile;
1253;stepney, whitechapel and st georg;city;51.5175, -0.04292;0.19999999999999996;;
1254;stirling and falkirk district of;;56.1190465, -3.9370062;0.5;stirling and;
1255;stirlingshire and clackmannanshir;;;;;no
1256;stirlingshrie and clackmannanshir;;;;;no
1257;stoke newington;suburb;51.5578698, -0.0822482;1.0;;
1258;stoke-on-trent, burslem;postcode;53.0446287, -2.1928235;1.0;;
1259;stoke-on-trent, hanley;postcode;53.0259916, -2.1753695;0.75;;
1260;stoke-on-trent, stoke;;53.0162014, -2.1812607;1.0;stoke-on-trent;
1261;straffordshire, stone;amenity;51.335205, 1.420025;0.81;;
1262;suffolk (east), eye;street;50.856542, 0.471807;0.7411764705882353;;
1263;suffolk (east), lowestoft;;52.4766308, 1.7537638;0.5;lowestoft;
1264;suffolk (east), woodbridge;city;52.0941323, 1.3199383;0.75;;
1265;suffolk (west), bury st edmunds;;52.2460367, 0.7125173;0.5;bury st edmunds;
1266;suffolk (west), sudbury;amenity;52.03747395, 0.7344026651307032;0.5785714285714286;;
1267;surrey, farnham;;51.2109359, -0.7937917;0.567;farnham;
1268;surrey, mitcham;;51.3532584, -0.7183142;0.9;surrey;
1269;sussex (east), east grinstead;;51.128572, -0.015474;0.5;east grinstead;
1270;sussex (east), eastbourne;;50.7664372, 0.2781546;0.5;eastbourne;
1271;sussex (east), lewes;;50.8746139, 0.005115324110936268;0.5;lewes;
1272;sussex (east), rye;city;50.9511871, 0.7327667;1.0;;
1273;sussex (west), chichester;;50.84467705, -0.7831144316193243;0.5;chichester;
1274;sussex (west), horsham and worthi;amenity;51.0581078, -0.3335980209562621;0.5879032258064516;;
1275;swansea, east;amenity;51.6327999, -3.9367083;0.81;;
1276;swansea, west;postcode;51.6195955, -3.9459248;0.9;;
1277;tipperary east;amenity;51.514088099999995, -0.10761511148648525;0.63;;
1278;tipperary mid;amenity;51.514088099999995, -0.10761511148648525;0.63;;
1279;tipperary north;amenity;51.514088099999995, -0.10761511148648525;0.63;;
1280;tipperary south;amenity;51.514088099999995, -0.10761511148648525;0.63;;
1281;tottenham, north;amenity;51.5844098, -0.0604004;1.0;;
1282;tottenham, south;amenity;51.5817333, -0.0598642;1.0;;
1283;tyrone north-east;district;54.58333, -7;0.0;;
1284;tyrone north-west;district;54.58333, -7;0.0;;
1285;tyrone south;amenity;54.5101423, -6.769401629332267;0.9;;
1286;wallasey;;53.4241208, -3.0394101;1.0;wallasey;
1287;wallsend;;54.9911912, -1.5342042;1.0;wallsend;
1288;walthamstow, east;amenity;51.58279975, -0.01933633534833506;0.81;;
1289;walthamstow, west;amenity;51.582601049999994, -0.02031167597527176;0.81;;
1290;wandsworth, central;amenity;51.4799372, -0.1486815;0.81;;
1291;wandsworth, clapham;amenity;51.4702083, -0.139762;0.81;;
1292;wandsworth, putney;amenity;51.457052, -0.200794;0.81;;
1293;wandsworth, streatham;amenity;51.4246803, -0.138774;0.81;;
1294;wandsworthm, balham and tooting;amenity;51.44621, -0.154467;0.0;;
1295;warwickshire, nuneatton;city;52.56099, -1.62276;0.567;;
1296;warwickshire, warwick and leaming;city;52.56099, -1.62276;0.2;;
1297;waterford city;amenity;55.97130205, -3.3015686516703893;0.9;;
1298;waterford county;city;51.81911, -0.0954;0.9;;
1299;west ham, plaistow;amenity;51.5280966, 0.0045685;0.6666666666666667;;
1300;west ham, silvertown;amenity;51.536422349999995, 0.008701348886019065;0.81;;
1301;west ham, stratford;;51.539058, -0.003909;1.0;stratford;
1302;west ham, upton;;53.620327, -1.282117;1.0;upton;
1303;westmeath;street;52.6353168, -1.071519;1.0;;
1304;westminster, abbey;amenity;51.4981579, -0.1319441;0.81;;
1305;westminster, st george's;;53.381885, -1.477006;0.5;st george's;
1306;wexford north;street;52.592335, -1.061057;0.0;;
1307;wexford south;street;55.466432, -4.639677;0.0;;
1308;wicklow east;street;53.533699, -0.097123;0.0;;
1309;wicklow west;amenity;53.881079650000004, -1.7197847499999965;0.9;;
1310;wighan;;;;;no
1311;willesden, east;amenity;53.172486899999996, -2.2083569918986186;0.9;;
1312;willesden, west;amenity;51.5421304, -0.2656022;0.81;;
1313;wiltshire, salisbury;;51.06028, -1.809709;0.9;salisbury;
1314;wiltshire, swindon;amenity;51.5423177, -1.8577180214048166;0.567;;
1315;wimbledon;postcode;51.4214787, -0.2064027;1.0;;
1316;wolverhampton, bilston;;52.5700229, -2.0822333;1.0;wolverhampton;
1317;woolwich, east;city;51.491, 0.0648;0.9;;
1318;woolwich, west;amenity;51.4918947, 0.0705576;0.9;;
1319;worcesternshire, bewdley;;;;;no
1320;worcestershire, kidderminster;;52.3880787, -2.2478582;1.0;kidderminster;
1321;worcestershire, stourbridge;;52.45608, -2.14317;1.0;stourbridge;
1322;yorkshire (east riding), holderne;street;53.868846, -0.133739;0.667741935483871;;
1323;yorkshire (north riding), scarabo;district;54, -1.5;0.5483870967741935;;
1324;yorkshire (west riding), don vall;district;54, -1.5;0.5806451612903225;;
1325;yorkshire (west riding), hemswort;district;54, -1.5;0.5806451612903225;;
1326;yorkshire (west riding), peniston;street;53.868846, -0.133739;0.667741935483871;;
1327;yorkshire (west riding), pontefra;district;54, -1.5;0.5806451612903225;;
1328;yorkshire (west riding), pudsey a;street;53.868846, -0.133739;0.667741935483871;;
1329;yorkshire (west riding), rother v;street;53.868846, -0.133739;0.667741935483871;;
1330;yorkshire (west riding), rothwell;district;54, -1.5;0.5806451612903225;;
1331;yorkshire (west riding), wentwort;district;54, -1.5;0.5806451612903225;;
1332;antrim;postcode;54.715139, -6.2192038;1.0;;
1333;armagh;postcode;54.3481977, -6.6540432;1.0;;
1334;belfast east;suburb;54.605322, -5.930401460730592;1.0;;
1335;belfast north;city;54.603533, -5.928807;0.9;;
1336;belfast south;city;54.603533, -5.928807;0.9;;
1337;belfast west;city;54.603533, -5.928807;0.9;;
1338;down;county;54.3518644, -5.961616475076931;1.0;;
1339;fermanagh and tyrone;amenity;54.591775150000004, -7.271427147416087;0.9;;
1340;londonderry;;54.9978678, -7.3213056;1.0;londonderry;
